geometry,time,area_ardida,f
POINT(-10.4925201825571 36.9099762187613),2001-01-01 00:00:00,0.02,1
POINT(-9.50207645026561 38.2305678618166),2001-01-01 00:00:00,2.425,4
POINT(-9.50207645026561 38.5607157725804),2001-01-01 00:00:00,394.9342,746
POINT(-9.50207645026561 38.8908636833443),2001-01-01 00:00:00,678.8091,675
POINT(-9.50207645026561 39.2210115941081),2001-01-01 00:00:00,284.5789,218
POINT(-9.17192853950178 36.9099762187613),2001-01-01 00:00:00,0.535,2
POINT(-9.17192853950178 37.2401241295251),2001-01-01 00:00:00,0.005,1
POINT(-9.17192853950178 37.9004199510528),2001-01-01 00:00:00,0.0351,3
POINT(-9.17192853950178 38.2305678618166),2001-01-01 00:00:00,36.9295,98
POINT(-9.17192853950178 38.5607157725804),2001-01-01 00:00:00,217.4786,735
POINT(-9.17192853950178 38.8908636833443),2001-01-01 00:00:00,289.7955,599
POINT(-9.17192853950178 39.2210115941081),2001-01-01 00:00:00,318.6501,335
POINT(-9.17192853950178 39.5511595048719),2001-01-01 00:00:00,39.7561,107
POINT(-9.17192853950178 39.8813074156357),2001-01-01 00:00:00,5.4336,23
POINT(-9.17192853950178 40.2114553263995),2001-01-01 00:00:00,0.0401,4
POINT(-9.17192853950178 41.5320469694549),2001-01-01 00:00:00,75.9580001,63
POINT(-8.84178062873798 36.9099762187613),2001-01-01 00:00:00,32.808,13
POINT(-8.84178062873798 37.2401241295251),2001-01-01 00:00:00,1456.4015,35
POINT(-8.84178062873798 37.5702720402889),2001-01-01 00:00:00,19.6411,23
POINT(-8.84178062873798 37.9004199510528),2001-01-01 00:00:00,490.5877,56
POINT(-8.84178062873798 38.2305678618166),2001-01-01 00:00:00,28.6521,22
POINT(-8.84178062873798 38.5607157725804),2001-01-01 00:00:00,144.3345,53
POINT(-8.84178062873798 38.8908636833443),2001-01-01 00:00:00,205.5758,121
POINT(-8.84178062873798 39.2210115941081),2001-01-01 00:00:00,334.0769,198
POINT(-8.84178062873798 39.5511595048719),2001-01-01 00:00:00,439.6443,224
POINT(-8.84178062873798 39.8813074156357),2001-01-01 00:00:00,65.2025,127
POINT(-8.84178062873798 40.2114553263995),2001-01-01 00:00:00,23.6290,93
POINT(-8.84178062873798 40.5416032371634),2001-01-01 00:00:00,23.0020,197
POINT(-8.84178062873798 40.8717511479272),2001-01-01 00:00:00,368.1655,1462
POINT(-8.84178062873798 41.201899058691),2001-01-01 00:00:00,826.20,960
POINT(-8.84178062873798 41.5320469694549),2001-01-01 00:00:00,2189.26382312,891
POINT(-8.84178062873798 41.8621948802187),2001-01-01 00:00:00,1326.54280201001,356
POINT(-8.51163271797415 36.9099762187613),2001-01-01 00:00:00,1398.778,31
POINT(-8.51163271797415 37.2401241295251),2001-01-01 00:00:00,216.2371,36
POINT(-8.51163271797415 37.5702720402889),2001-01-01 00:00:00,51.5004,12
POINT(-8.51163271797415 37.9004199510528),2001-01-01 00:00:00,178.0121,14
POINT(-8.51163271797415 38.2305678618166),2001-01-01 00:00:00,1594.5256,10
POINT(-8.51163271797415 38.5607157725804),2001-01-01 00:00:00,32.0003,9
POINT(-8.51163271797415 38.8908636833443),2001-01-01 00:00:00,67.2265,18
POINT(-8.51163271797415 39.2210115941081),2001-01-01 00:00:00,269.7414,170
POINT(-8.51163271797415 39.5511595048719),2001-01-01 00:00:00,2882.20712,161
POINT(-8.51163271797415 39.8813074156357),2001-01-01 00:00:00,659.4013,256
POINT(-8.51163271797415 40.2114553263995),2001-01-01 00:00:00,41.3233,219
POINT(-8.51163271797415 40.5416032371634),2001-01-01 00:00:00,641.3538,549
POINT(-8.51163271797415 40.8717511479272),2001-01-01 00:00:00,2255.145,1931
POINT(-8.51163271797415 41.201899058691),2001-01-01 00:00:00,2108.99,3536
POINT(-8.51163271797415 41.5320469694549),2001-01-01 00:00:00,1648.250501000001,1242
POINT(-8.51163271797415 41.8621948802187),2001-01-01 00:00:00,901.9093011,324
POINT(-8.18148480721032 36.9099762187613),2001-01-01 00:00:00,28.502,37
POINT(-8.18148480721032 37.2401241295251),2001-01-01 00:00:00,89.51,7
POINT(-8.18148480721032 37.5702720402889),2001-01-01 00:00:00,854.0002,13
POINT(-8.18148480721032 37.9004199510528),2001-01-01 00:00:00,156.5002,5
POINT(-8.18148480721032 38.2305678618166),2001-01-01 00:00:00,135.2005,17
POINT(-8.18148480721032 38.5607157725804),2001-01-01 00:00:00,12.4003,7
POINT(-8.18148480721032 38.8908636833443),2001-01-01 00:00:00,295.0004,18
POINT(-8.18148480721032 39.2210115941081),2001-01-01 00:00:00,92.8570,70
POINT(-8.18148480721032 39.5511595048719),2001-01-01 00:00:00,22.9334,46
POINT(-8.18148480721032 39.8813074156357),2001-01-01 00:00:00,2629.0078,91
POINT(-8.18148480721032 40.2114553263995),2001-01-01 00:00:00,442.4175,403
POINT(-8.18148480721032 40.5416032371634),2001-01-01 00:00:00,3964.1175,563
POINT(-8.18148480721032 40.8717511479272),2001-01-01 00:00:00,4257.9515,699
POINT(-8.18148480721032 41.201899058691),2001-01-01 00:00:00,2491.683,1433
POINT(-8.18148480721032 41.5320469694549),2001-01-01 00:00:00,2975.754,498
POINT(-8.18148480721032 41.8621948802187),2001-01-01 00:00:00,42.69,14
POINT(-7.8513368964465 36.9099762187613),2001-01-01 00:00:00,117.345,35
POINT(-7.8513368964465 37.2401241295251),2001-01-01 00:00:00,25.0001,11
POINT(-7.8513368964465 37.5702720402889),2001-01-01 00:00:00,167.9001,12
POINT(-7.8513368964465 37.9004199510528),2001-01-01 00:00:00,90.0,7
POINT(-7.8513368964465 38.2305678618166),2001-01-01 00:00:00,466.2401,8
POINT(-7.8513368964465 38.5607157725804),2001-01-01 00:00:00,51.0001,2
POINT(-7.8513368964465 38.8908636833443),2001-01-01 00:00:00,12.0002,3
POINT(-7.8513368964465 39.2210115941081),2001-01-01 00:00:00,2076.5760,17
POINT(-7.8513368964465 39.5511595048719),2001-01-01 00:00:00,109.7618,52
POINT(-7.8513368964465 39.8813074156357),2001-01-01 00:00:00,8508.527,74
POINT(-7.8513368964465 40.2114553263995),2001-01-01 00:00:00,6395.8241,308
POINT(-7.8513368964465 40.5416032371634),2001-01-01 00:00:00,4235.8067,447
POINT(-7.8513368964465 40.8717511479272),2001-01-01 00:00:00,942.5140,535
POINT(-7.8513368964465 41.201899058691),2001-01-01 00:00:00,4213.447,826
POINT(-7.8513368964465 41.5320469694549),2001-01-01 00:00:00,2973.477,382
POINT(-7.8513368964465 41.8621948802187),2001-01-01 00:00:00,158.30,13
POINT(-7.52118898568267 36.9099762187613),2001-01-01 00:00:00,0.025,2
POINT(-7.52118898568267 37.2401241295251),2001-01-01 00:00:00,70.001,3
POINT(-7.52118898568267 37.5702720402889),2001-01-01 00:00:00,45.5001,6
POINT(-7.52118898568267 37.9004199510528),2001-01-01 00:00:00,241,4
POINT(-7.52118898568267 38.2305678618166),2001-01-01 00:00:00,294.0001,4
POINT(-7.52118898568267 38.5607157725804),2001-01-01 00:00:00,347.2057,8
POINT(-7.52118898568267 39.2210115941081),2001-01-01 00:00:00,215.8891,26
POINT(-7.52118898568267 39.5511595048719),2001-01-01 00:00:00,30.655,30
POINT(-7.52118898568267 39.8813074156357),2001-01-01 00:00:00,1605.363,170
POINT(-7.52118898568267 40.2114553263995),2001-01-01 00:00:00,2127.018,129
POINT(-7.52118898568267 40.5416032371634),2001-01-01 00:00:00,6194.6532,226
POINT(-7.52118898568267 40.8717511479272),2001-01-01 00:00:00,2157.51,323
POINT(-7.52118898568267 41.201899058691),2001-01-01 00:00:00,1834.25,485
POINT(-7.52118898568267 41.5320469694549),2001-01-01 00:00:00,1880.268,329
POINT(-7.19104107491884 37.9004199510528),2001-01-01 00:00:00,289.7001,9
POINT(-7.19104107491884 38.5607157725804),2001-01-01 00:00:00,94.9001,2
POINT(-7.19104107491884 38.8908636833443),2001-01-01 00:00:00,52.5625,2
POINT(-7.19104107491884 39.5511595048719),2001-01-01 00:00:00,2411.152,13
POINT(-7.19104107491884 39.8813074156357),2001-01-01 00:00:00,412.8625,67
POINT(-7.19104107491884 40.2114553263995),2001-01-01 00:00:00,2211.372,85
POINT(-7.19104107491884 40.5416032371634),2001-01-01 00:00:00,3155.002,127
POINT(-7.19104107491884 40.8717511479272),2001-01-01 00:00:00,4410.354,263
POINT(-7.19104107491884 41.201899058691),2001-01-01 00:00:00,1851.49,229
POINT(-7.19104107491884 41.5320469694549),2001-01-01 00:00:00,793.224,219
POINT(-7.19104107491884 41.8621948802187),2001-01-01 00:00:00,121.11,65
POINT(-6.86089316415502 40.2114553263995),2001-01-01 00:00:00,34.5,8
POINT(-6.86089316415502 40.5416032371634),2001-01-01 00:00:00,96.01,14
POINT(-6.86089316415502 40.8717511479272),2001-01-01 00:00:00,217.895,64
POINT(-6.86089316415502 41.201899058691),2001-01-01 00:00:00,3956.527,127
POINT(-6.86089316415502 41.5320469694549),2001-01-01 00:00:00,1044.285,143
POINT(-6.86089316415502 41.8621948802187),2001-01-01 00:00:00,130.59,51
POINT(-6.53074525339119 41.201899058691),2001-01-01 00:00:00,3757.172,51
POINT(-6.53074525339119 41.5320469694549),2001-01-01 00:00:00,321.795,42
POINT(-175.236327653706 89.7336419409734),2002-01-01 00:00:00,96.1,4
POINT(-9.50207645026561 38.2305678618166),2002-01-01 00:00:00,0.358,6
POINT(-9.50207645026561 38.5607157725804),2002-01-01 00:00:00,475.5378,909
POINT(-9.50207645026561 38.8908636833443),2002-01-01 00:00:00,646.1520,557
POINT(-9.50207645026561 39.2210115941081),2002-01-01 00:00:00,160.3615,130
POINT(-9.17192853950178 36.9099762187613),2002-01-01 00:00:00,1.0075,3
POINT(-9.17192853950178 37.9004199510528),2002-01-01 00:00:00,1.53,3
POINT(-9.17192853950178 38.2305678618166),2002-01-01 00:00:00,96.8209,139
POINT(-9.17192853950178 38.5607157725804),2002-01-01 00:00:00,488.2683,690
POINT(-9.17192853950178 38.8908636833443),2002-01-01 00:00:00,375.9017,600
POINT(-9.17192853950178 39.2210115941081),2002-01-01 00:00:00,1473.9855,373
POINT(-9.17192853950178 39.5511595048719),2002-01-01 00:00:00,20.39811,121
POINT(-9.17192853950178 39.8813074156357),2002-01-01 00:00:00,29.8502,28
POINT(-9.17192853950178 40.2114553263995),2002-01-01 00:00:00,0.0221,3
POINT(-9.17192853950178 41.5320469694549),2002-01-01 00:00:00,9.516,23
POINT(-8.84178062873798 36.9099762187613),2002-01-01 00:00:00,95.2486,27
POINT(-8.84178062873798 37.2401241295251),2002-01-01 00:00:00,19.7409,34
POINT(-8.84178062873798 37.5702720402889),2002-01-01 00:00:00,128.5905,19
POINT(-8.84178062873798 37.9004199510528),2002-01-01 00:00:00,86.8340,41
POINT(-8.84178062873798 38.2305678618166),2002-01-01 00:00:00,689.7940,29
POINT(-8.84178062873798 38.5607157725804),2002-01-01 00:00:00,81.6156,63
POINT(-8.84178062873798 38.8908636833443),2002-01-01 00:00:00,397.8620,120
POINT(-8.84178062873798 39.2210115941081),2002-01-01 00:00:00,1685.6729,211
POINT(-8.84178062873798 39.5511595048719),2002-01-01 00:00:00,1334.40181,312
POINT(-8.84178062873798 39.8813074156357),2002-01-01 00:00:00,2626.81622,191
POINT(-8.84178062873798 40.2114553263995),2002-01-01 00:00:00,51.5001,102
POINT(-8.84178062873798 40.5416032371634),2002-01-01 00:00:00,294.8276,326
POINT(-8.84178062873798 40.8717511479272),2002-01-01 00:00:00,378.2518,1469
POINT(-8.84178062873798 41.201899058691),2002-01-01 00:00:00,654.256,1037
POINT(-8.84178062873798 41.5320469694549),2002-01-01 00:00:00,4648.6571,1001
POINT(-8.84178062873798 41.8621948802187),2002-01-01 00:00:00,1190.519,396
POINT(-8.51163271797415 36.9099762187613),2002-01-01 00:00:00,433.2197,46
POINT(-8.51163271797415 37.2401241295251),2002-01-01 00:00:00,254.2523,32
POINT(-8.51163271797415 37.5702720402889),2002-01-01 00:00:00,116.0003,9
POINT(-8.51163271797415 37.9004199510528),2002-01-01 00:00:00,18.5052,5
POINT(-8.51163271797415 38.2305678618166),2002-01-01 00:00:00,173.12,9
POINT(-8.51163271797415 38.5607157725804),2002-01-01 00:00:00,97.3204,19
POINT(-8.51163271797415 38.8908636833443),2002-01-01 00:00:00,51.624,20
POINT(-8.51163271797415 39.2210115941081),2002-01-01 00:00:00,427.8910,128
POINT(-8.51163271797415 39.5511595048719),2002-01-01 00:00:00,4743.8978,198
POINT(-8.51163271797415 39.8813074156357),2002-01-01 00:00:00,2150.91591,206
POINT(-8.51163271797415 40.2114553263995),2002-01-01 00:00:00,120.6604,176
POINT(-8.51163271797415 40.5416032371634),2002-01-01 00:00:00,402.4481,633
POINT(-8.51163271797415 40.8717511479272),2002-01-01 00:00:00,2039.050,2077
POINT(-8.51163271797415 41.201899058691),2002-01-01 00:00:00,2468.635,3119
POINT(-8.51163271797415 41.5320469694549),2002-01-01 00:00:00,4586.0640,1366
POINT(-8.51163271797415 41.8621948802187),2002-01-01 00:00:00,1248.058,338
POINT(-8.18148480721032 36.9099762187613),2002-01-01 00:00:00,641.1321,33
POINT(-8.18148480721032 37.2401241295251),2002-01-01 00:00:00,14.5003,8
POINT(-8.18148480721032 37.5702720402889),2002-01-01 00:00:00,178.0003,4
POINT(-8.18148480721032 37.9004199510528),2002-01-01 00:00:00,367,4
POINT(-8.18148480721032 38.2305678618166),2002-01-01 00:00:00,42.0001,3
POINT(-8.18148480721032 38.5607157725804),2002-01-01 00:00:00,10.0010,12
POINT(-8.18148480721032 38.8908636833443),2002-01-01 00:00:00,139.0009,22
POINT(-8.18148480721032 39.2210115941081),2002-01-01 00:00:00,397.3975,40
POINT(-8.18148480721032 39.5511595048719),2002-01-01 00:00:00,2237.9384,104
POINT(-8.18148480721032 39.8813074156357),2002-01-01 00:00:00,912.0101,57
POINT(-8.18148480721032 40.2114553263995),2002-01-01 00:00:00,4025.0551,333
POINT(-8.18148480721032 40.5416032371634),2002-01-01 00:00:00,1701.4259,412
POINT(-8.18148480721032 40.8717511479272),2002-01-01 00:00:00,4255.7194,860
POINT(-8.18148480721032 41.201899058691),2002-01-01 00:00:00,2441.573,1455
POINT(-8.18148480721032 41.5320469694549),2002-01-01 00:00:00,1963.044,532
POINT(-8.18148480721032 41.8621948802187),2002-01-01 00:00:00,16.503,7
POINT(-7.8513368964465 36.9099762187613),2002-01-01 00:00:00,151.8114,38
POINT(-7.8513368964465 37.2401241295251),2002-01-01 00:00:00,307.79,20
POINT(-7.8513368964465 37.5702720402889),2002-01-01 00:00:00,952.8003,24
POINT(-7.8513368964465 37.9004199510528),2002-01-01 00:00:00,318.2001,12
POINT(-7.8513368964465 38.2305678618166),2002-01-01 00:00:00,1086.5704,14
POINT(-7.8513368964465 38.5607157725804),2002-01-01 00:00:00,1033.9105,9
POINT(-7.8513368964465 39.2210115941081),2002-01-01 00:00:00,174.0004,15
POINT(-7.8513368964465 39.5511595048719),2002-01-01 00:00:00,5859.0032,43
POINT(-7.8513368964465 39.8813074156357),2002-01-01 00:00:00,852.3693,99
POINT(-7.8513368964465 40.2114553263995),2002-01-01 00:00:00,2704.3612,352
POINT(-7.8513368964465 40.5416032371634),2002-01-01 00:00:00,2658.1010,378
POINT(-7.8513368964465 40.8717511479272),2002-01-01 00:00:00,4622.2061,423
POINT(-7.8513368964465 41.201899058691),2002-01-01 00:00:00,3815.1704,700
POINT(-7.8513368964465 41.5320469694549),2002-01-01 00:00:00,7327.78,382
POINT(-7.8513368964465 41.8621948802187),2002-01-01 00:00:00,8.96,5
POINT(-7.52118898568267 36.9099762187613),2002-01-01 00:00:00,18.5812,16
POINT(-7.52118898568267 37.2401241295251),2002-01-01 00:00:00,13.31,8
POINT(-7.52118898568267 37.5702720402889),2002-01-01 00:00:00,41.5,6
POINT(-7.52118898568267 37.9004199510528),2002-01-01 00:00:00,7.0003,4
POINT(-7.52118898568267 38.2305678618166),2002-01-01 00:00:00,1093.0002,6
POINT(-7.52118898568267 38.5607157725804),2002-01-01 00:00:00,668.5003,9
POINT(-7.52118898568267 39.2210115941081),2002-01-01 00:00:00,20.1010,21
POINT(-7.52118898568267 39.5511595048719),2002-01-01 00:00:00,158.1305,20
POINT(-7.52118898568267 39.8813074156357),2002-01-01 00:00:00,2053.2877,160
POINT(-7.52118898568267 40.2114553263995),2002-01-01 00:00:00,3131.7638,193
POINT(-7.52118898568267 40.5416032371634),2002-01-01 00:00:00,2992.5882,315
POINT(-7.52118898568267 40.8717511479272),2002-01-01 00:00:00,1074.103,256
POINT(-7.52118898568267 41.201899058691),2002-01-01 00:00:00,4167.611,350
POINT(-7.52118898568267 41.5320469694549),2002-01-01 00:00:00,4712.371,369
POINT(-7.52118898568267 41.8621948802187),2002-01-01 00:00:00,59,1
POINT(-7.19104107491884 37.9004199510528),2002-01-01 00:00:00,4,2
POINT(-7.19104107491884 38.8908636833443),2002-01-01 00:00:00,4.0002,3
POINT(-7.19104107491884 39.5511595048719),2002-01-01 00:00:00,3330.203,13
POINT(-7.19104107491884 39.8813074156357),2002-01-01 00:00:00,1597.1782,51
POINT(-7.19104107491884 40.2114553263995),2002-01-01 00:00:00,4036.550,131
POINT(-7.19104107491884 40.5416032371634),2002-01-01 00:00:00,1755.313,91
POINT(-7.19104107491884 40.8717511479272),2002-01-01 00:00:00,4258.267,118
POINT(-7.19104107491884 41.201899058691),2002-01-01 00:00:00,1378.6303,126
POINT(-7.19104107491884 41.5320469694549),2002-01-01 00:00:00,790.641,135
POINT(-7.19104107491884 41.8621948802187),2002-01-01 00:00:00,168.87,35
POINT(-6.86089316415502 40.2114553263995),2002-01-01 00:00:00,17.502,8
POINT(-6.86089316415502 40.5416032371634),2002-01-01 00:00:00,10.001,6
POINT(-6.86089316415502 40.8717511479272),2002-01-01 00:00:00,41.31,24
POINT(-6.86089316415502 41.201899058691),2002-01-01 00:00:00,497.57,73
POINT(-6.86089316415502 41.5320469694549),2002-01-01 00:00:00,1969.112,114
POINT(-6.86089316415502 41.8621948802187),2002-01-01 00:00:00,78.88,27
POINT(-6.53074525339119 41.201899058691),2002-01-01 00:00:00,675.24,23
POINT(-6.53074525339119 41.5320469694549),2002-01-01 00:00:00,110.503,32
POINT(-6.53074525339119 41.8621948802187),2002-01-01 00:00:00,8.16,1
POINT(-9.50207645026561 38.2305678618166),2003-01-01 00:00:00,1.96,7
POINT(-9.50207645026561 38.5607157725804),2003-01-01 00:00:00,512.3509,841
POINT(-9.50207645026561 38.8908636833443),2003-01-01 00:00:00,3203.0355,566
POINT(-9.50207645026561 39.2210115941081),2003-01-01 00:00:00,106.3426,109
POINT(-9.17192853950178 36.9099762187613),2003-01-01 00:00:00,123.201,5
POINT(-9.17192853950178 37.9004199510528),2003-01-01 00:00:00,0.01,1
POINT(-9.17192853950178 38.2305678618166),2003-01-01 00:00:00,41.5407,92
POINT(-9.17192853950178 38.5607157725804),2003-01-01 00:00:00,311.8681,661
POINT(-9.17192853950178 38.8908636833443),2003-01-01 00:00:00,4739.8236,684
POINT(-9.17192853950178 39.2210115941081),2003-01-01 00:00:00,3447.6209,331
POINT(-9.17192853950178 39.5511595048719),2003-01-01 00:00:00,2625.086700001,141
POINT(-9.17192853950178 39.8813074156357),2003-01-01 00:00:00,20.2804,25
POINT(-9.17192853950178 40.2114553263995),2003-01-01 00:00:00,0.005,2
POINT(-9.17192853950178 41.5320469694549),2003-01-01 00:00:00,7.845,15
POINT(-9.17192853950178 41.8621948802187),2003-01-01 00:00:00,0.05,1
POINT(-8.84178062873798 36.9099762187613),2003-01-01 00:00:00,6451.8862,24
POINT(-8.84178062873798 37.2401241295251),2003-01-01 00:00:00,22537.4616,42
POINT(-8.84178062873798 37.5702720402889),2003-01-01 00:00:00,2222.4534,42
POINT(-8.84178062873798 37.9004199510528),2003-01-01 00:00:00,2004.8117,33
POINT(-8.84178062873798 38.2305678618166),2003-01-01 00:00:00,1457.3799,27
POINT(-8.84178062873798 38.5607157725804),2003-01-01 00:00:00,864.9484,73
POINT(-8.84178062873798 38.8908636833443),2003-01-01 00:00:00,1354.7068,124
POINT(-8.84178062873798 39.2210115941081),2003-01-01 00:00:00,4254.6393001,289
POINT(-8.84178062873798 39.5511595048719),2003-01-01 00:00:00,6840.205200411,286
POINT(-8.84178062873798 39.8813074156357),2003-01-01 00:00:00,165.1094,191
POINT(-8.84178062873798 40.2114553263995),2003-01-01 00:00:00,24.7409,89
POINT(-8.84178062873798 40.5416032371634),2003-01-01 00:00:00,46.2122,214
POINT(-8.84178062873798 40.8717511479272),2003-01-01 00:00:00,658.6276,1354
POINT(-8.84178062873798 41.201899058691),2003-01-01 00:00:00,365.893,1484
POINT(-8.84178062873798 41.5320469694549),2003-01-01 00:00:00,817.811,633
POINT(-8.84178062873798 41.8621948802187),2003-01-01 00:00:00,251.965,194
POINT(-8.51163271797415 36.9099762187613),2003-01-01 00:00:00,26.4025,38
POINT(-8.51163271797415 37.2401241295251),2003-01-01 00:00:00,43736.1757,24
POINT(-8.51163271797415 37.5702720402889),2003-01-01 00:00:00,1078.2504,23
POINT(-8.51163271797415 37.9004199510528),2003-01-01 00:00:00,3118.4351,9
POINT(-8.51163271797415 38.2305678618166),2003-01-01 00:00:00,1027.382,10
POINT(-8.51163271797415 38.5607157725804),2003-01-01 00:00:00,3705.0086,25
POINT(-8.51163271797415 38.8908636833443),2003-01-01 00:00:00,363.9345,42
POINT(-8.51163271797415 39.2210115941081),2003-01-01 00:00:00,32918.4986,95
POINT(-8.51163271797415 39.5511595048719),2003-01-01 00:00:00,2109.4667001,225
POINT(-8.51163271797415 39.8813074156357),2003-01-01 00:00:00,778.2610,186
POINT(-8.51163271797415 40.2114553263995),2003-01-01 00:00:00,196.5540,151
POINT(-8.51163271797415 40.5416032371634),2003-01-01 00:00:00,265.8423,507
POINT(-8.51163271797415 40.8717511479272),2003-01-01 00:00:00,4256.503,2126
POINT(-8.51163271797415 41.201899058691),2003-01-01 00:00:00,2405.956,4225
POINT(-8.51163271797415 41.5320469694549),2003-01-01 00:00:00,937.907,1132
POINT(-8.51163271797415 41.8621948802187),2003-01-01 00:00:00,254.1170,167
POINT(-8.18148480721032 36.9099762187613),2003-01-01 00:00:00,46.7104,37
POINT(-8.18148480721032 37.2401241295251),2003-01-01 00:00:00,22.6801,9
POINT(-8.18148480721032 37.5702720402889),2003-01-01 00:00:00,0.0002,2
POINT(-8.18148480721032 37.9004199510528),2003-01-01 00:00:00,29.0002,6
POINT(-8.18148480721032 38.2305678618166),2003-01-01 00:00:00,1199.9804,12
POINT(-8.18148480721032 38.5607157725804),2003-01-01 00:00:00,2061.3102,5
POINT(-8.18148480721032 38.8908636833443),2003-01-01 00:00:00,294.5001,12
POINT(-8.18148480721032 39.2210115941081),2003-01-01 00:00:00,35070.9908,61
POINT(-8.18148480721032 39.5511595048719),2003-01-01 00:00:00,54175.7013,124
POINT(-8.18148480721032 39.8813074156357),2003-01-01 00:00:00,4604.55041,68
POINT(-8.18148480721032 40.2114553263995),2003-01-01 00:00:00,366.4851,252
POINT(-8.18148480721032 40.5416032371634),2003-01-01 00:00:00,1821.4559,496
POINT(-8.18148480721032 40.8717511479272),2003-01-01 00:00:00,2580.1555,1057
POINT(-8.18148480721032 41.201899058691),2003-01-01 00:00:00,1685.962,1606
POINT(-8.18148480721032 41.5320469694549),2003-01-01 00:00:00,674.41,408
POINT(-8.18148480721032 41.8621948802187),2003-01-01 00:00:00,40.15,7
POINT(-7.8513368964465 36.9099762187613),2003-01-01 00:00:00,36.9824,25
POINT(-7.8513368964465 37.2401241295251),2003-01-01 00:00:00,307.695,13
POINT(-7.8513368964465 37.5702720402889),2003-01-01 00:00:00,1326,7
POINT(-7.8513368964465 37.9004199510528),2003-01-01 00:00:00,183.3,7
POINT(-7.8513368964465 38.2305678618166),2003-01-01 00:00:00,4789.4404,11
POINT(-7.8513368964465 38.5607157725804),2003-01-01 00:00:00,35.4003,8
POINT(-7.8513368964465 38.8908636833443),2003-01-01 00:00:00,515.5,3
POINT(-7.8513368964465 39.2210115941081),2003-01-01 00:00:00,27734.8477,21
POINT(-7.8513368964465 39.5511595048719),2003-01-01 00:00:00,33227.0953,40
POINT(-7.8513368964465 39.8813074156357),2003-01-01 00:00:00,19827.2684,99
POINT(-7.8513368964465 40.2114553263995),2003-01-01 00:00:00,8890.711,383
POINT(-7.8513368964465 40.5416032371634),2003-01-01 00:00:00,633.2570,395
POINT(-7.8513368964465 40.8717511479272),2003-01-01 00:00:00,1053.946,354
POINT(-7.8513368964465 41.201899058691),2003-01-01 00:00:00,1215.780,470
POINT(-7.8513368964465 41.5320469694549),2003-01-01 00:00:00,1657.11,337
POINT(-7.8513368964465 41.8621948802187),2003-01-01 00:00:00,70,3
POINT(-7.52118898568267 36.9099762187613),2003-01-01 00:00:00,0.552,4
POINT(-7.52118898568267 37.2401241295251),2003-01-01 00:00:00,12.45,7
POINT(-7.52118898568267 37.5702720402889),2003-01-01 00:00:00,26.0001,4
POINT(-7.52118898568267 37.9004199510528),2003-01-01 00:00:00,550.0001,5
POINT(-7.52118898568267 38.2305678618166),2003-01-01 00:00:00,143,2
POINT(-7.52118898568267 38.5607157725804),2003-01-01 00:00:00,168.5001,7
POINT(-7.52118898568267 38.8908636833443),2003-01-01 00:00:00,178.8976,1
POINT(-7.52118898568267 39.2210115941081),2003-01-01 00:00:00,20283.0933,39
POINT(-7.52118898568267 39.5511595048719),2003-01-01 00:00:00,262.0056,28
POINT(-7.52118898568267 39.8813074156357),2003-01-01 00:00:00,10836.9494,132
POINT(-7.52118898568267 40.2114553263995),2003-01-01 00:00:00,12197.8751,207
POINT(-7.52118898568267 40.5416032371634),2003-01-01 00:00:00,9414.503,276
POINT(-7.52118898568267 40.8717511479272),2003-01-01 00:00:00,2235.817,231
POINT(-7.52118898568267 41.201899058691),2003-01-01 00:00:00,6674.5763,209
POINT(-7.52118898568267 41.5320469694549),2003-01-01 00:00:00,670.21,214
POINT(-7.52118898568267 41.8621948802187),2003-01-01 00:00:00,0.01,1
POINT(-7.19104107491884 37.9004199510528),2003-01-01 00:00:00,6.5,2
POINT(-7.19104107491884 38.8908636833443),2003-01-01 00:00:00,251.4001,2
POINT(-7.19104107491884 39.5511595048719),2003-01-01 00:00:00,914.3333,11
POINT(-7.19104107491884 39.8813074156357),2003-01-01 00:00:00,2220.5121,35
POINT(-7.19104107491884 40.2114553263995),2003-01-01 00:00:00,11247.152,104
POINT(-7.19104107491884 40.5416032371634),2003-01-01 00:00:00,8937.036,110
POINT(-7.19104107491884 40.8717511479272),2003-01-01 00:00:00,7408.392,193
POINT(-7.19104107491884 41.201899058691),2003-01-01 00:00:00,3649.6851,120
POINT(-7.19104107491884 41.5320469694549),2003-01-01 00:00:00,238.6022,107
POINT(-7.19104107491884 41.8621948802187),2003-01-01 00:00:00,297.309,48
POINT(-6.86089316415502 40.2114553263995),2003-01-01 00:00:00,313.875,4
POINT(-6.86089316415502 40.5416032371634),2003-01-01 00:00:00,25.001,8
POINT(-6.86089316415502 40.8717511479272),2003-01-01 00:00:00,1446.82,29
POINT(-6.86089316415502 41.201899058691),2003-01-01 00:00:00,272.211,44
POINT(-6.86089316415502 41.5320469694549),2003-01-01 00:00:00,104.200,58
POINT(-6.86089316415502 41.8621948802187),2003-01-01 00:00:00,420.7,13
POINT(-6.53074525339119 41.201899058691),2003-01-01 00:00:00,345.13,13
POINT(-6.53074525339119 41.5320469694549),2003-01-01 00:00:00,46.9271,25
POINT(-175.236327653706 89.7336419409734),2004-01-01 00:00:00,343,4
POINT(-159.719375847806 22.7136160559168),2004-01-01 00:00:00,28,1
POINT(-29.641099006859 43.5129344340378),2004-01-01 00:00:00,28,1
POINT(-9.50207645026561 38.2305678618166),2004-01-01 00:00:00,0.03,2
POINT(-9.50207645026561 38.5607157725804),2004-01-01 00:00:00,592.3360,935
POINT(-9.50207645026561 38.8908636833443),2004-01-01 00:00:00,697.3793,573
POINT(-9.50207645026561 39.2210115941081),2004-01-01 00:00:00,110.3134,113
POINT(-9.17192853950178 36.9099762187613),2004-01-01 00:00:00,16.273,5
POINT(-9.17192853950178 37.9004199510528),2004-01-01 00:00:00,25.022,4
POINT(-9.17192853950178 38.2305678618166),2004-01-01 00:00:00,1333.5111,88
POINT(-9.17192853950178 38.5607157725804),2004-01-01 00:00:00,428.5235,619
POINT(-9.17192853950178 38.8908636833443),2004-01-01 00:00:00,479.1705,656
POINT(-9.17192853950178 39.2210115941081),2004-01-01 00:00:00,278.5376,269
POINT(-9.17192853950178 39.5511595048719),2004-01-01 00:00:00,21.7156,62
POINT(-9.17192853950178 39.8813074156357),2004-01-01 00:00:00,78.2831,38
POINT(-9.17192853950178 40.2114553263995),2004-01-01 00:00:00,0.0175,5
POINT(-9.17192853950178 41.5320469694549),2004-01-01 00:00:00,63.316,28
POINT(-8.84178062873798 36.9099762187613),2004-01-01 00:00:00,58.4804,22
POINT(-8.84178062873798 37.2401241295251),2004-01-01 00:00:00,1824.0478,46
POINT(-8.84178062873798 37.5702720402889),2004-01-01 00:00:00,141.0222,41
POINT(-8.84178062873798 37.9004199510528),2004-01-01 00:00:00,561.1418,30
POINT(-8.84178062873798 38.2305678618166),2004-01-01 00:00:00,58.2383,22
POINT(-8.84178062873798 38.5607157725804),2004-01-01 00:00:00,76.9871,70
POINT(-8.84178062873798 38.8908636833443),2004-01-01 00:00:00,499.2426,112
POINT(-8.84178062873798 39.2210115941081),2004-01-01 00:00:00,3353.4853,223
POINT(-8.84178062873798 39.5511595048719),2004-01-01 00:00:00,378.8815,200
POINT(-8.84178062873798 39.8813074156357),2004-01-01 00:00:00,294.7768,186
POINT(-8.84178062873798 40.2114553263995),2004-01-01 00:00:00,45.8319,104
POINT(-8.84178062873798 40.5416032371634),2004-01-01 00:00:00,70.1279,271
POINT(-8.84178062873798 40.8717511479272),2004-01-01 00:00:00,209.4710,1119
POINT(-8.84178062873798 41.201899058691),2004-01-01 00:00:00,731.0575,972
POINT(-8.84178062873798 41.5320469694549),2004-01-01 00:00:00,1357.7631,866
POINT(-8.84178062873798 41.8621948802187),2004-01-01 00:00:00,886.0815,425
POINT(-8.51163271797415 36.9099762187613),2004-01-01 00:00:00,23.2148,35
POINT(-8.51163271797415 37.2401241295251),2004-01-01 00:00:00,2467.3034,23
POINT(-8.51163271797415 37.5702720402889),2004-01-01 00:00:00,593.4902,12
POINT(-8.51163271797415 37.9004199510528),2004-01-01 00:00:00,55.6601,20
POINT(-8.51163271797415 38.2305678618166),2004-01-01 00:00:00,98.7745,23
POINT(-8.51163271797415 38.5607157725804),2004-01-01 00:00:00,17.9637,10
POINT(-8.51163271797415 38.8908636833443),2004-01-01 00:00:00,254.6938,27
POINT(-8.51163271797415 39.2210115941081),2004-01-01 00:00:00,1341.3514,110
POINT(-8.51163271797415 39.5511595048719),2004-01-01 00:00:00,2247.8139,154
POINT(-8.51163271797415 39.8813074156357),2004-01-01 00:00:00,180.9950,141
POINT(-8.51163271797415 40.2114553263995),2004-01-01 00:00:00,60.1385,152
POINT(-8.51163271797415 40.5416032371634),2004-01-01 00:00:00,2403.8833,574
POINT(-8.51163271797415 40.8717511479272),2004-01-01 00:00:00,2040.9687,1419
POINT(-8.51163271797415 41.201899058691),2004-01-01 00:00:00,1839.370,2444
POINT(-8.51163271797415 41.5320469694549),2004-01-01 00:00:00,1014.391,847
POINT(-8.51163271797415 41.8621948802187),2004-01-01 00:00:00,1152.089,327
POINT(-8.18148480721032 36.9099762187613),2004-01-01 00:00:00,3290.0424,48
POINT(-8.18148480721032 37.2401241295251),2004-01-01 00:00:00,23377.0606,19
POINT(-8.18148480721032 37.5702720402889),2004-01-01 00:00:00,93.5,3
POINT(-8.18148480721032 37.9004199510528),2004-01-01 00:00:00,2043.4202,5
POINT(-8.18148480721032 38.2305678618166),2004-01-01 00:00:00,4.0003,5
POINT(-8.18148480721032 38.5607157725804),2004-01-01 00:00:00,2046.116,11
POINT(-8.18148480721032 38.8908636833443),2004-01-01 00:00:00,248.5023,12
POINT(-8.18148480721032 39.2210115941081),2004-01-01 00:00:00,445.1672,65
POINT(-8.18148480721032 39.5511595048719),2004-01-01 00:00:00,55.5216,39
POINT(-8.18148480721032 39.8813074156357),2004-01-01 00:00:00,330.871,33
POINT(-8.18148480721032 40.2114553263995),2004-01-01 00:00:00,599.7030,222
POINT(-8.18148480721032 40.5416032371634),2004-01-01 00:00:00,198.0710,314
POINT(-8.18148480721032 40.8717511479272),2004-01-01 00:00:00,7690.4639,910
POINT(-8.18148480721032 41.201899058691),2004-01-01 00:00:00,2217.549,1200
POINT(-8.18148480721032 41.5320469694549),2004-01-01 00:00:00,797.612,407
POINT(-8.18148480721032 41.8621948802187),2004-01-01 00:00:00,28.01,4
POINT(-7.8513368964465 36.9099762187613),2004-01-01 00:00:00,7289.8773,29
POINT(-7.8513368964465 37.2401241295251),2004-01-01 00:00:00,8939.37,13
POINT(-7.8513368964465 37.5702720402889),2004-01-01 00:00:00,1628.5803,15
POINT(-7.8513368964465 37.9004199510528),2004-01-01 00:00:00,2330.3903,13
POINT(-7.8513368964465 38.2305678618166),2004-01-01 00:00:00,457.4101,5
POINT(-7.8513368964465 38.5607157725804),2004-01-01 00:00:00,0.0004,4
POINT(-7.8513368964465 38.8908636833443),2004-01-01 00:00:00,3.501,5
POINT(-7.8513368964465 39.2210115941081),2004-01-01 00:00:00,106.502,9
POINT(-7.8513368964465 39.5511595048719),2004-01-01 00:00:00,1992.4656,54
POINT(-7.8513368964465 39.8813074156357),2004-01-01 00:00:00,187.2652,69
POINT(-7.8513368964465 40.2114553263995),2004-01-01 00:00:00,235.2683,133
POINT(-7.8513368964465 40.5416032371634),2004-01-01 00:00:00,634.6666,252
POINT(-7.8513368964465 40.8717511479272),2004-01-01 00:00:00,2564.6134,528
POINT(-7.8513368964465 41.201899058691),2004-01-01 00:00:00,5763.957,530
POINT(-7.8513368964465 41.5320469694549),2004-01-01 00:00:00,3070.650,294
POINT(-7.8513368964465 41.8621948802187),2004-01-01 00:00:00,113.60,6
POINT(-7.52118898568267 36.9099762187613),2004-01-01 00:00:00,11.7276,14
POINT(-7.52118898568267 37.2401241295251),2004-01-01 00:00:00,2423.15,6
POINT(-7.52118898568267 37.5702720402889),2004-01-01 00:00:00,62.1101,5
POINT(-7.52118898568267 37.9004199510528),2004-01-01 00:00:00,4,1
POINT(-7.52118898568267 38.2305678618166),2004-01-01 00:00:00,29.98,1
POINT(-7.52118898568267 38.5607157725804),2004-01-01 00:00:00,1274.0001,6
POINT(-7.52118898568267 38.8908636833443),2004-01-01 00:00:00,0.001,1
POINT(-7.52118898568267 39.2210115941081),2004-01-01 00:00:00,177.0033,14
POINT(-7.52118898568267 39.5511595048719),2004-01-01 00:00:00,4253.4105,35
POINT(-7.52118898568267 39.8813074156357),2004-01-01 00:00:00,636.9722,130
POINT(-7.52118898568267 40.2114553263995),2004-01-01 00:00:00,1060.7968,112
POINT(-7.52118898568267 40.5416032371634),2004-01-01 00:00:00,2642.466,153
POINT(-7.52118898568267 40.8717511479272),2004-01-01 00:00:00,1872.8703,296
POINT(-7.52118898568267 41.201899058691),2004-01-01 00:00:00,4762.1056,243
POINT(-7.52118898568267 41.5320469694549),2004-01-01 00:00:00,1191.21,248
POINT(-7.19104107491884 37.9004199510528),2004-01-01 00:00:00,3,1
POINT(-7.19104107491884 38.5607157725804),2004-01-01 00:00:00,3.5,3
POINT(-7.19104107491884 38.8908636833443),2004-01-01 00:00:00,7,2
POINT(-7.19104107491884 39.5511595048719),2004-01-01 00:00:00,647.54,7
POINT(-7.19104107491884 39.8813074156357),2004-01-01 00:00:00,570.7951,33
POINT(-7.19104107491884 40.2114553263995),2004-01-01 00:00:00,2997.909,109
POINT(-7.19104107491884 40.5416032371634),2004-01-01 00:00:00,2064.802,96
POINT(-7.19104107491884 40.8717511479272),2004-01-01 00:00:00,6073.317,260
POINT(-7.19104107491884 41.201899058691),2004-01-01 00:00:00,1325.7651,140
POINT(-7.19104107491884 41.5320469694549),2004-01-01 00:00:00,203.9156,101
POINT(-7.19104107491884 41.8621948802187),2004-01-01 00:00:00,126.465,39
POINT(-6.86089316415502 40.2114553263995),2004-01-01 00:00:00,15.501,6
POINT(-6.86089316415502 40.5416032371634),2004-01-01 00:00:00,36.507,19
POINT(-6.86089316415502 40.8717511479272),2004-01-01 00:00:00,59.562,29
POINT(-6.86089316415502 41.201899058691),2004-01-01 00:00:00,1764.905,59
POINT(-6.86089316415502 41.5320469694549),2004-01-01 00:00:00,1770.268,77
POINT(-6.86089316415502 41.8621948802187),2004-01-01 00:00:00,264.64,21
POINT(-6.53074525339119 41.201899058691),2004-01-01 00:00:00,85.411,27
POINT(-6.53074525339119 41.5320469694549),2004-01-01 00:00:00,125.46,23
POINT(-10.4925201825571 36.9099762187613),2005-01-01 00:00:00,0.0101,2
POINT(-9.50207645026561 38.2305678618166),2005-01-01 00:00:00,0.2905,11
POINT(-9.50207645026561 38.5607157725804),2005-01-01 00:00:00,571.2744,854
POINT(-9.50207645026561 38.8908636833443),2005-01-01 00:00:00,770.6634,660
POINT(-9.50207645026561 39.2210115941081),2005-01-01 00:00:00,278.147842,154
POINT(-9.17192853950178 36.9099762187613),2005-01-01 00:00:00,3.0555,6
POINT(-9.17192853950178 37.2401241295251),2005-01-01 00:00:00,2,1
POINT(-9.17192853950178 37.9004199510528),2005-01-01 00:00:00,0.15,4
POINT(-9.17192853950178 38.2305678618166),2005-01-01 00:00:00,342.8865,86
POINT(-9.17192853950178 38.5607157725804),2005-01-01 00:00:00,169.5601,486
POINT(-9.17192853950178 38.8908636833443),2005-01-01 00:00:00,624.8090,828
POINT(-9.17192853950178 39.2210115941081),2005-01-01 00:00:00,766.7920,390
POINT(-9.17192853950178 39.5511595048719),2005-01-01 00:00:00,75.7818,138
POINT(-9.17192853950178 39.8813074156357),2005-01-01 00:00:00,584.9193,34
POINT(-9.17192853950178 40.2114553263995),2005-01-01 00:00:00,1176.0531,3
POINT(-9.17192853950178 41.5320469694549),2005-01-01 00:00:00,2012.000,93
POINT(-8.84178062873798 36.9099762187613),2005-01-01 00:00:00,175.0483,31
POINT(-8.84178062873798 37.2401241295251),2005-01-01 00:00:00,605.4155,47
POINT(-8.84178062873798 37.5702720402889),2005-01-01 00:00:00,605.0852,33
POINT(-8.84178062873798 37.9004199510528),2005-01-01 00:00:00,406.6711,69
POINT(-8.84178062873798 38.2305678618166),2005-01-01 00:00:00,139.3568,41
POINT(-8.84178062873798 38.5607157725804),2005-01-01 00:00:00,8.4263,47
POINT(-8.84178062873798 38.8908636833443),2005-01-01 00:00:00,236.4988,128
POINT(-8.84178062873798 39.2210115941081),2005-01-01 00:00:00,1911.0523,260
POINT(-8.84178062873798 39.5511595048719),2005-01-01 00:00:00,14686.6467,489
POINT(-8.84178062873798 39.8813074156357),2005-01-01 00:00:00,10385.78964,353
POINT(-8.84178062873798 40.2114553263995),2005-01-01 00:00:00,1277.24071,217
POINT(-8.84178062873798 40.5416032371634),2005-01-01 00:00:00,1185.0372,566
POINT(-8.84178062873798 40.8717511479272),2005-01-01 00:00:00,704.9799,2299
POINT(-8.84178062873798 41.201899058691),2005-01-01 00:00:00,2741.054,1649
POINT(-8.84178062873798 41.5320469694549),2005-01-01 00:00:00,12762.76325,1255
POINT(-8.84178062873798 41.8621948802187),2005-01-01 00:00:00,7668.2694,447
POINT(-8.51163271797415 36.9099762187613),2005-01-01 00:00:00,611.2825,51
POINT(-8.51163271797415 37.2401241295251),2005-01-01 00:00:00,471.7171,44
POINT(-8.51163271797415 37.5702720402889),2005-01-01 00:00:00,57.627,12
POINT(-8.51163271797415 37.9004199510528),2005-01-01 00:00:00,8.026,10
POINT(-8.51163271797415 38.2305678618166),2005-01-01 00:00:00,43.4621,20
POINT(-8.51163271797415 38.5607157725804),2005-01-01 00:00:00,3.52,6
POINT(-8.51163271797415 38.8908636833443),2005-01-01 00:00:00,21.0376,32
POINT(-8.51163271797415 39.2210115941081),2005-01-01 00:00:00,2952.2303,136
POINT(-8.51163271797415 39.5511595048719),2005-01-01 00:00:00,27324.1961,281
POINT(-8.51163271797415 39.8813074156357),2005-01-01 00:00:00,15261.43192,349
POINT(-8.51163271797415 40.2114553263995),2005-01-01 00:00:00,9427.76645,386
POINT(-8.51163271797415 40.5416032371634),2005-01-01 00:00:00,6568.7805,888
POINT(-8.51163271797415 40.8717511479272),2005-01-01 00:00:00,14541.2333,3371
POINT(-8.51163271797415 41.201899058691),2005-01-01 00:00:00,6416.931,4120
POINT(-8.51163271797415 41.5320469694549),2005-01-01 00:00:00,5092.638,1424
POINT(-8.51163271797415 41.8621948802187),2005-01-01 00:00:00,3521.2585,420
POINT(-8.18148480721032 36.9099762187613),2005-01-01 00:00:00,216.3986,99
POINT(-8.18148480721032 37.2401241295251),2005-01-01 00:00:00,246.972,18
POINT(-8.18148480721032 37.5702720402889),2005-01-01 00:00:00,13,3
POINT(-8.18148480721032 37.9004199510528),2005-01-01 00:00:00,7.014,8
POINT(-8.18148480721032 38.2305678618166),2005-01-01 00:00:00,776.15,8
POINT(-8.18148480721032 38.5607157725804),2005-01-01 00:00:00,22.33,9
POINT(-8.18148480721032 38.8908636833443),2005-01-01 00:00:00,1.005,7
POINT(-8.18148480721032 39.2210115941081),2005-01-01 00:00:00,3965.1590,82
POINT(-8.18148480721032 39.5511595048719),2005-01-01 00:00:00,2125.0642,133
POINT(-8.18148480721032 39.8813074156357),2005-01-01 00:00:00,8286.55241,141
POINT(-8.18148480721032 40.2114553263995),2005-01-01 00:00:00,7634.66011,563
POINT(-8.18148480721032 40.5416032371634),2005-01-01 00:00:00,7778.1154,730
POINT(-8.18148480721032 40.8717511479272),2005-01-01 00:00:00,22490.6549,1547
POINT(-8.18148480721032 41.201899058691),2005-01-01 00:00:00,11191.501,1808
POINT(-8.18148480721032 41.5320469694549),2005-01-01 00:00:00,6805.485,666
POINT(-8.18148480721032 41.8621948802187),2005-01-01 00:00:00,60.085,17
POINT(-7.8513368964465 36.9099762187613),2005-01-01 00:00:00,13.5768,48
POINT(-7.8513368964465 37.2401241295251),2005-01-01 00:00:00,21.2284,20
POINT(-7.8513368964465 37.5702720402889),2005-01-01 00:00:00,99.209,17
POINT(-7.8513368964465 37.9004199510528),2005-01-01 00:00:00,175.503,6
POINT(-7.8513368964465 38.2305678618166),2005-01-01 00:00:00,654.51,8
POINT(-7.8513368964465 38.5607157725804),2005-01-01 00:00:00,17.5,5
POINT(-7.8513368964465 38.8908636833443),2005-01-01 00:00:00,5.002,5
POINT(-7.8513368964465 39.2210115941081),2005-01-01 00:00:00,37.520,17
POINT(-7.8513368964465 39.5511595048719),2005-01-01 00:00:00,242.5377,97
POINT(-7.8513368964465 39.8813074156357),2005-01-01 00:00:00,24195.5800,145
POINT(-7.8513368964465 40.2114553263995),2005-01-01 00:00:00,19812.1857,506
POINT(-7.8513368964465 40.5416032371634),2005-01-01 00:00:00,6887.0368,561
POINT(-7.8513368964465 40.8717511479272),2005-01-01 00:00:00,6732.5787,943
POINT(-7.8513368964465 41.201899058691),2005-01-01 00:00:00,8385.662,671
POINT(-7.8513368964465 41.5320469694549),2005-01-01 00:00:00,12336.25,580
POINT(-7.8513368964465 41.8621948802187),2005-01-01 00:00:00,146.54,28
POINT(-7.52118898568267 36.9099762187613),2005-01-01 00:00:00,0.160,6
POINT(-7.52118898568267 37.2401241295251),2005-01-01 00:00:00,7.8525,9
POINT(-7.52118898568267 37.5702720402889),2005-01-01 00:00:00,3.002,3
POINT(-7.52118898568267 37.9004199510528),2005-01-01 00:00:00,4.001,2
POINT(-7.52118898568267 38.2305678618166),2005-01-01 00:00:00,20,5
POINT(-7.52118898568267 38.5607157725804),2005-01-01 00:00:00,37.914,6
POINT(-7.52118898568267 38.8908636833443),2005-01-01 00:00:00,25.001,7
POINT(-7.52118898568267 39.2210115941081),2005-01-01 00:00:00,833.987,30
POINT(-7.52118898568267 39.5511595048719),2005-01-01 00:00:00,1529.1451,63
POINT(-7.52118898568267 39.8813074156357),2005-01-01 00:00:00,255.7288,162
POINT(-7.52118898568267 40.2114553263995),2005-01-01 00:00:00,948.1586,192
POINT(-7.52118898568267 40.5416032371634),2005-01-01 00:00:00,3320.2074,319
POINT(-7.52118898568267 40.8717511479272),2005-01-01 00:00:00,3878.7970,364
POINT(-7.52118898568267 41.201899058691),2005-01-01 00:00:00,5298.8531,307
POINT(-7.52118898568267 41.5320469694549),2005-01-01 00:00:00,6166.172,398
POINT(-7.19104107491884 37.9004199510528),2005-01-01 00:00:00,8.001,3
POINT(-7.19104107491884 38.5607157725804),2005-01-01 00:00:00,2,2
POINT(-7.19104107491884 38.8908636833443),2005-01-01 00:00:00,7.002,7
POINT(-7.19104107491884 39.5511595048719),2005-01-01 00:00:00,11.013,6
POINT(-7.19104107491884 39.8813074156357),2005-01-01 00:00:00,67.0501,27
POINT(-7.19104107491884 40.2114553263995),2005-01-01 00:00:00,1228.3481,184
POINT(-7.19104107491884 40.5416032371634),2005-01-01 00:00:00,4367.0651,91
POINT(-7.19104107491884 40.8717511479272),2005-01-01 00:00:00,1885.216,135
POINT(-7.19104107491884 41.201899058691),2005-01-01 00:00:00,2140.3188,138
POINT(-7.19104107491884 41.5320469694549),2005-01-01 00:00:00,1553.1221,187
POINT(-7.19104107491884 41.8621948802187),2005-01-01 00:00:00,750.2904,45
POINT(-6.86089316415502 40.2114553263995),2005-01-01 00:00:00,5.505,9
POINT(-6.86089316415502 40.5416032371634),2005-01-01 00:00:00,10.024,11
POINT(-6.86089316415502 40.8717511479272),2005-01-01 00:00:00,21.66,20
POINT(-6.86089316415502 41.201899058691),2005-01-01 00:00:00,608.616,76
POINT(-6.86089316415502 41.5320469694549),2005-01-01 00:00:00,1677.7945,78
POINT(-6.86089316415502 41.8621948802187),2005-01-01 00:00:00,835.35,18
POINT(-6.53074525339119 41.201899058691),2005-01-01 00:00:00,46.861,31
POINT(-6.53074525339119 41.5320469694549),2005-01-01 00:00:00,416.8122,31
POINT(-9.50207645026561 38.2305678618166),2006-01-01 00:00:00,0.055,2
POINT(-9.50207645026561 38.5607157725804),2006-01-01 00:00:00,172.8317,851
POINT(-9.50207645026561 38.8908636833443),2006-01-01 00:00:00,126.6991,345
POINT(-9.50207645026561 39.2210115941081),2006-01-01 00:00:00,17.5518,60
POINT(-9.17192853950178 36.9099762187613),2006-01-01 00:00:00,39.9056,20
POINT(-9.17192853950178 37.2401241295251),2006-01-01 00:00:00,5.001,3
POINT(-9.17192853950178 37.9004199510528),2006-01-01 00:00:00,4.106,7
POINT(-9.17192853950178 38.2305678618166),2006-01-01 00:00:00,65.2452,155
POINT(-9.17192853950178 38.5607157725804),2006-01-01 00:00:00,119.9604,708
POINT(-9.17192853950178 38.8908636833443),2006-01-01 00:00:00,308.9829,448
POINT(-9.17192853950178 39.2210115941081),2006-01-01 00:00:00,101.0988,184
POINT(-9.17192853950178 39.5511595048719),2006-01-01 00:00:00,3032.8492,64
POINT(-9.17192853950178 39.8813074156357),2006-01-01 00:00:00,3.1687,18
POINT(-9.17192853950178 40.2114553263995),2006-01-01 00:00:00,0.4894,5
POINT(-9.17192853950178 41.5320469694549),2006-01-01 00:00:00,12.8185,21
POINT(-9.17192853950178 41.8621948802187),2006-01-01 00:00:00,0.002,1
POINT(-8.84178062873798 36.9099762187613),2006-01-01 00:00:00,11.0398,83
POINT(-8.84178062873798 37.2401241295251),2006-01-01 00:00:00,15.0089,43
POINT(-8.84178062873798 37.5702720402889),2006-01-01 00:00:00,16.6212,19
POINT(-8.84178062873798 37.9004199510528),2006-01-01 00:00:00,803.5379,68
POINT(-8.84178062873798 38.2305678618166),2006-01-01 00:00:00,231.7444,44
POINT(-8.84178062873798 38.5607157725804),2006-01-01 00:00:00,19.2427,91
POINT(-8.84178062873798 38.8908636833443),2006-01-01 00:00:00,167.6374,102
POINT(-8.84178062873798 39.2210115941081),2006-01-01 00:00:00,1152.1943,190
POINT(-8.84178062873798 39.5511595048719),2006-01-01 00:00:00,817.66645,290
POINT(-8.84178062873798 39.8813074156357),2006-01-01 00:00:00,388.8432,178
POINT(-8.84178062873798 40.2114553263995),2006-01-01 00:00:00,271.3269,215
POINT(-8.84178062873798 40.5416032371634),2006-01-01 00:00:00,273.4237,325
POINT(-8.84178062873798 40.8717511479272),2006-01-01 00:00:00,289.0602,1325
POINT(-8.84178062873798 41.201899058691),2006-01-01 00:00:00,908.8225,1026
POINT(-8.84178062873798 41.5320469694549),2006-01-01 00:00:00,4620.3026,609
POINT(-8.84178062873798 41.8621948802187),2006-01-01 00:00:00,3112.731,301
POINT(-8.51163271797415 36.9099762187613),2006-01-01 00:00:00,27.3893,145
POINT(-8.51163271797415 37.2401241295251),2006-01-01 00:00:00,28.6955,44
POINT(-8.51163271797415 37.5702720402889),2006-01-01 00:00:00,34.2252,7
POINT(-8.51163271797415 37.9004199510528),2006-01-01 00:00:00,133.066,19
POINT(-8.51163271797415 38.2305678618166),2006-01-01 00:00:00,47.0986,17
POINT(-8.51163271797415 38.5607157725804),2006-01-01 00:00:00,68.463,17
POINT(-8.51163271797415 38.8908636833443),2006-01-01 00:00:00,22.1475,21
POINT(-8.51163271797415 39.2210115941081),2006-01-01 00:00:00,136.2079,85
POINT(-8.51163271797415 39.5511595048719),2006-01-01 00:00:00,1074.7556,152
POINT(-8.51163271797415 39.8813074156357),2006-01-01 00:00:00,588.1788,170
POINT(-8.51163271797415 40.2114553263995),2006-01-01 00:00:00,45.4274,155
POINT(-8.51163271797415 40.5416032371634),2006-01-01 00:00:00,2769.3845,375
POINT(-8.51163271797415 40.8717511479272),2006-01-01 00:00:00,3425.6374,1212
POINT(-8.51163271797415 41.201899058691),2006-01-01 00:00:00,1930.8891,2330
POINT(-8.51163271797415 41.5320469694549),2006-01-01 00:00:00,4509.1600,973
POINT(-8.51163271797415 41.8621948802187),2006-01-01 00:00:00,9779.083,163
POINT(-8.18148480721032 36.9099762187613),2006-01-01 00:00:00,21.6615,190
POINT(-8.18148480721032 37.2401241295251),2006-01-01 00:00:00,25.6652,37
POINT(-8.18148480721032 37.5702720402889),2006-01-01 00:00:00,2001.4101,5
POINT(-8.18148480721032 37.9004199510528),2006-01-01 00:00:00,1.5014,3
POINT(-8.18148480721032 38.2305678618166),2006-01-01 00:00:00,185.458,13
POINT(-8.18148480721032 38.5607157725804),2006-01-01 00:00:00,227.466,21
POINT(-8.18148480721032 38.8908636833443),2006-01-01 00:00:00,312.846,11
POINT(-8.18148480721032 39.2210115941081),2006-01-01 00:00:00,283.8958,39
POINT(-8.18148480721032 39.5511595048719),2006-01-01 00:00:00,1305.4851,104
POINT(-8.18148480721032 39.8813074156357),2006-01-01 00:00:00,50.1364,47
POINT(-8.18148480721032 40.2114553263995),2006-01-01 00:00:00,541.3645,267
POINT(-8.18148480721032 40.5416032371634),2006-01-01 00:00:00,1863.5521,298
POINT(-8.18148480721032 40.8717511479272),2006-01-01 00:00:00,2365.5218,729
POINT(-8.18148480721032 41.201899058691),2006-01-01 00:00:00,2564.0288,817
POINT(-8.18148480721032 41.5320469694549),2006-01-01 00:00:00,1831.527,326
POINT(-8.18148480721032 41.8621948802187),2006-01-01 00:00:00,18.07,8
POINT(-7.8513368964465 36.9099762187613),2006-01-01 00:00:00,20.8781,132
POINT(-7.8513368964465 37.2401241295251),2006-01-01 00:00:00,205.685,24
POINT(-7.8513368964465 37.5702720402889),2006-01-01 00:00:00,1.5,2
POINT(-7.8513368964465 37.9004199510528),2006-01-01 00:00:00,751.6731,18
POINT(-7.8513368964465 38.2305678618166),2006-01-01 00:00:00,100.023,16
POINT(-7.8513368964465 38.5607157725804),2006-01-01 00:00:00,758.318,13
POINT(-7.8513368964465 38.8908636833443),2006-01-01 00:00:00,5595.873,14
POINT(-7.8513368964465 39.2210115941081),2006-01-01 00:00:00,73.4832,13
POINT(-7.8513368964465 39.5511595048719),2006-01-01 00:00:00,74.6192,79
POINT(-7.8513368964465 39.8813074156357),2006-01-01 00:00:00,907.3093,85
POINT(-7.8513368964465 40.2114553263995),2006-01-01 00:00:00,476.1919,193
POINT(-7.8513368964465 40.5416032371634),2006-01-01 00:00:00,1023.8079,249
POINT(-7.8513368964465 40.8717511479272),2006-01-01 00:00:00,459.3225,283
POINT(-7.8513368964465 41.201899058691),2006-01-01 00:00:00,287.925,292
POINT(-7.8513368964465 41.5320469694549),2006-01-01 00:00:00,541.335,250
POINT(-7.8513368964465 41.8621948802187),2006-01-01 00:00:00,38.85,15
POINT(-7.52118898568267 36.9099762187613),2006-01-01 00:00:00,4.595,16
POINT(-7.52118898568267 37.2401241295251),2006-01-01 00:00:00,4.5226,7
POINT(-7.52118898568267 37.5702720402889),2006-01-01 00:00:00,0.91,1
POINT(-7.52118898568267 37.9004199510528),2006-01-01 00:00:00,529.12,2
POINT(-7.52118898568267 38.2305678618166),2006-01-01 00:00:00,222.423,15
POINT(-7.52118898568267 38.5607157725804),2006-01-01 00:00:00,102.508,16
POINT(-7.52118898568267 38.8908636833443),2006-01-01 00:00:00,424.012,3
POINT(-7.52118898568267 39.2210115941081),2006-01-01 00:00:00,19.2458,18
POINT(-7.52118898568267 39.5511595048719),2006-01-01 00:00:00,4.1254,20
POINT(-7.52118898568267 39.8813074156357),2006-01-01 00:00:00,270.3601,100
POINT(-7.52118898568267 40.2114553263995),2006-01-01 00:00:00,1050.3490,105
POINT(-7.52118898568267 40.5416032371634),2006-01-01 00:00:00,1461.9017,146
POINT(-7.52118898568267 40.8717511479272),2006-01-01 00:00:00,1264.9953,151
POINT(-7.52118898568267 41.201899058691),2006-01-01 00:00:00,1604.586,188
POINT(-7.52118898568267 41.5320469694549),2006-01-01 00:00:00,1628.398,261
POINT(-7.19104107491884 37.9004199510528),2006-01-01 00:00:00,86.63,1
POINT(-7.19104107491884 38.8908636833443),2006-01-01 00:00:00,63.6681,11
POINT(-7.19104107491884 39.5511595048719),2006-01-01 00:00:00,42.551,5
POINT(-7.19104107491884 39.8813074156357),2006-01-01 00:00:00,11.656,19
POINT(-7.19104107491884 40.2114553263995),2006-01-01 00:00:00,203.4391,96
POINT(-7.19104107491884 40.5416032371634),2006-01-01 00:00:00,1003.355,75
POINT(-7.19104107491884 40.8717511479272),2006-01-01 00:00:00,1376.038,84
POINT(-7.19104107491884 41.201899058691),2006-01-01 00:00:00,987.7741,81
POINT(-7.19104107491884 41.5320469694549),2006-01-01 00:00:00,89.2121,65
POINT(-7.19104107491884 41.8621948802187),2006-01-01 00:00:00,36.996,20
POINT(-6.86089316415502 40.2114553263995),2006-01-01 00:00:00,39.8264,9
POINT(-6.86089316415502 40.5416032371634),2006-01-01 00:00:00,2.043,7
POINT(-6.86089316415502 40.8717511479272),2006-01-01 00:00:00,8.522,13
POINT(-6.86089316415502 41.201899058691),2006-01-01 00:00:00,85.352,43
POINT(-6.86089316415502 41.5320469694549),2006-01-01 00:00:00,73.303,35
POINT(-6.86089316415502 41.8621948802187),2006-01-01 00:00:00,39.15,16
POINT(-6.53074525339119 41.201899058691),2006-01-01 00:00:00,11.4222,17
POINT(-6.53074525339119 41.5320469694549),2006-01-01 00:00:00,136.716,16
POINT(-6.53074525339119 41.8621948802187),2006-01-01 00:00:00,0.01,1
POINT(-10.4925201825571 36.9099762187613),2007-01-01 00:00:00,51.91,2
POINT(-9.50207645026561 38.2305678618166),2007-01-01 00:00:00,0.06,1
POINT(-9.50207645026561 38.5607157725804),2007-01-01 00:00:00,514.4436,797
POINT(-9.50207645026561 38.8908636833443),2007-01-01 00:00:00,199.0362,497
POINT(-9.50207645026561 39.2210115941081),2007-01-01 00:00:00,107.4837,115
POINT(-9.17192853950178 36.9099762187613),2007-01-01 00:00:00,0.1948,10
POINT(-9.17192853950178 37.2401241295251),2007-01-01 00:00:00,8.451,6
POINT(-9.17192853950178 37.9004199510528),2007-01-01 00:00:00,0.0072,5
POINT(-9.17192853950178 38.2305678618166),2007-01-01 00:00:00,78.7662,139
POINT(-9.17192853950178 38.5607157725804),2007-01-01 00:00:00,198.9039,561
POINT(-9.17192853950178 38.8908636833443),2007-01-01 00:00:00,368.7464,681
POINT(-9.17192853950178 39.2210115941081),2007-01-01 00:00:00,75.9352,185
POINT(-9.17192853950178 39.5511595048719),2007-01-01 00:00:00,56.1020,72
POINT(-9.17192853950178 39.8813074156357),2007-01-01 00:00:00,2.7315,17
POINT(-9.17192853950178 40.2114553263995),2007-01-01 00:00:00,0.17,3
POINT(-9.17192853950178 41.5320469694549),2007-01-01 00:00:00,9.382,27
POINT(-8.84178062873798 36.9099762187613),2007-01-01 00:00:00,79.8923,90
POINT(-8.84178062873798 37.2401241295251),2007-01-01 00:00:00,17.6265,46
POINT(-8.84178062873798 37.5702720402889),2007-01-01 00:00:00,473.7479,31
POINT(-8.84178062873798 37.9004199510528),2007-01-01 00:00:00,57.2551,61
POINT(-8.84178062873798 38.2305678618166),2007-01-01 00:00:00,18.5985,52
POINT(-8.84178062873798 38.5607157725804),2007-01-01 00:00:00,198.778,58
POINT(-8.84178062873798 38.8908636833443),2007-01-01 00:00:00,82.2754,104
POINT(-8.84178062873798 39.2210115941081),2007-01-01 00:00:00,44.5907,123
POINT(-8.84178062873798 39.5511595048719),2007-01-01 00:00:00,416.1496,188
POINT(-8.84178062873798 39.8813074156357),2007-01-01 00:00:00,2150.9637,111
POINT(-8.84178062873798 40.2114553263995),2007-01-01 00:00:00,23.7668,104
POINT(-8.84178062873798 40.5416032371634),2007-01-01 00:00:00,50.8502,342
POINT(-8.84178062873798 40.8717511479272),2007-01-01 00:00:00,113.5790,1065
POINT(-8.84178062873798 41.201899058691),2007-01-01 00:00:00,203.4983,754
POINT(-8.84178062873798 41.5320469694549),2007-01-01 00:00:00,409.2472,505
POINT(-8.84178062873798 41.8621948802187),2007-01-01 00:00:00,209.5025,270
POINT(-8.51163271797415 36.9099762187613),2007-01-01 00:00:00,33.9541,143
POINT(-8.51163271797415 37.2401241295251),2007-01-01 00:00:00,26.3371,42
POINT(-8.51163271797415 37.5702720402889),2007-01-01 00:00:00,1.9563,11
POINT(-8.51163271797415 37.9004199510528),2007-01-01 00:00:00,19.5842,18
POINT(-8.51163271797415 38.2305678618166),2007-01-01 00:00:00,11.0946,17
POINT(-8.51163271797415 38.5607157725804),2007-01-01 00:00:00,37.511,13
POINT(-8.51163271797415 38.8908636833443),2007-01-01 00:00:00,35.356,15
POINT(-8.51163271797415 39.2210115941081),2007-01-01 00:00:00,26.7037,69
POINT(-8.51163271797415 39.5511595048719),2007-01-01 00:00:00,281.1317,94
POINT(-8.51163271797415 39.8813074156357),2007-01-01 00:00:00,18.7065,103
POINT(-8.51163271797415 40.2114553263995),2007-01-01 00:00:00,82.99495,154
POINT(-8.51163271797415 40.5416032371634),2007-01-01 00:00:00,249.7921,440
POINT(-8.51163271797415 40.8717511479272),2007-01-01 00:00:00,598.7193,1205
POINT(-8.51163271797415 41.201899058691),2007-01-01 00:00:00,871.4479,1760
POINT(-8.51163271797415 41.5320469694549),2007-01-01 00:00:00,2041.6289,958
POINT(-8.51163271797415 41.8621948802187),2007-01-01 00:00:00,809.7474,261
POINT(-8.18148480721032 36.9099762187613),2007-01-01 00:00:00,21.0415,158
POINT(-8.18148480721032 37.2401241295251),2007-01-01 00:00:00,33.7028,31
POINT(-8.18148480721032 37.5702720402889),2007-01-01 00:00:00,3.0,3
POINT(-8.18148480721032 37.9004199510528),2007-01-01 00:00:00,88.1051,4
POINT(-8.18148480721032 38.2305678618166),2007-01-01 00:00:00,121.67,6
POINT(-8.18148480721032 38.5607157725804),2007-01-01 00:00:00,14.864,9
POINT(-8.18148480721032 38.8908636833443),2007-01-01 00:00:00,188.2222,21
POINT(-8.18148480721032 39.2210115941081),2007-01-01 00:00:00,2847.4122,38
POINT(-8.18148480721032 39.5511595048719),2007-01-01 00:00:00,14.1151,63
POINT(-8.18148480721032 39.8813074156357),2007-01-01 00:00:00,93.3915,38
POINT(-8.18148480721032 40.2114553263995),2007-01-01 00:00:00,35.0944,143
POINT(-8.18148480721032 40.5416032371634),2007-01-01 00:00:00,362.6491,179
POINT(-8.18148480721032 40.8717511479272),2007-01-01 00:00:00,1396.3377,865
POINT(-8.18148480721032 41.201899058691),2007-01-01 00:00:00,2215.3884,808
POINT(-8.18148480721032 41.5320469694549),2007-01-01 00:00:00,1757.9735,381
POINT(-8.18148480721032 41.8621948802187),2007-01-01 00:00:00,132.043,13
POINT(-8.18148480721032 47.1445614524399),2007-01-01 00:00:00,10.24,1
POINT(-7.8513368964465 36.9099762187613),2007-01-01 00:00:00,18.1623,104
POINT(-7.8513368964465 37.2401241295251),2007-01-01 00:00:00,1636.8738,21
POINT(-7.8513368964465 37.5702720402889),2007-01-01 00:00:00,485.125,8
POINT(-7.8513368964465 37.9004199510528),2007-01-01 00:00:00,183.6207,10
POINT(-7.8513368964465 38.2305678618166),2007-01-01 00:00:00,152.716,8
POINT(-7.8513368964465 38.5607157725804),2007-01-01 00:00:00,116.477,8
POINT(-7.8513368964465 38.8908636833443),2007-01-01 00:00:00,6.4201,4
POINT(-7.8513368964465 39.2210115941081),2007-01-01 00:00:00,3.3874,8
POINT(-7.8513368964465 39.5511595048719),2007-01-01 00:00:00,1320.7830,42
POINT(-7.8513368964465 39.8813074156357),2007-01-01 00:00:00,41.5732,68
POINT(-7.8513368964465 40.2114553263995),2007-01-01 00:00:00,365.9617,142
POINT(-7.8513368964465 40.5416032371634),2007-01-01 00:00:00,277.3533,167
POINT(-7.8513368964465 40.8717511479272),2007-01-01 00:00:00,393.265,412
POINT(-7.8513368964465 41.201899058691),2007-01-01 00:00:00,447.11,408
POINT(-7.8513368964465 41.5320469694549),2007-01-01 00:00:00,950.372,340
POINT(-7.8513368964465 41.8621948802187),2007-01-01 00:00:00,28.08,12
POINT(-7.52118898568267 36.9099762187613),2007-01-01 00:00:00,2.7544,21
POINT(-7.52118898568267 37.2401241295251),2007-01-01 00:00:00,6.035,9
POINT(-7.52118898568267 37.5702720402889),2007-01-01 00:00:00,0.5,1
POINT(-7.52118898568267 37.9004199510528),2007-01-01 00:00:00,0.012,2
POINT(-7.52118898568267 38.2305678618166),2007-01-01 00:00:00,283.82,4
POINT(-7.52118898568267 38.5607157725804),2007-01-01 00:00:00,114.325,14
POINT(-7.52118898568267 38.8908636833443),2007-01-01 00:00:00,55.9467,10
POINT(-7.52118898568267 39.2210115941081),2007-01-01 00:00:00,60.5502,18
POINT(-7.52118898568267 39.5511595048719),2007-01-01 00:00:00,14.0763,17
POINT(-7.52118898568267 39.8813074156357),2007-01-01 00:00:00,68.2364,67
POINT(-7.52118898568267 40.2114553263995),2007-01-01 00:00:00,255.2006,95
POINT(-7.52118898568267 40.5416032371634),2007-01-01 00:00:00,1166.6497,214
POINT(-7.52118898568267 40.8717511479272),2007-01-01 00:00:00,412.0534,240
POINT(-7.52118898568267 41.201899058691),2007-01-01 00:00:00,104.1391,176
POINT(-7.52118898568267 41.5320469694549),2007-01-01 00:00:00,344.523,202
POINT(-7.19104107491884 37.9004199510528),2007-01-01 00:00:00,10.503,3
POINT(-7.19104107491884 38.5607157725804),2007-01-01 00:00:00,0.0546,3
POINT(-7.19104107491884 38.8908636833443),2007-01-01 00:00:00,1.0001,2
POINT(-7.19104107491884 39.5511595048719),2007-01-01 00:00:00,25,2
POINT(-7.19104107491884 39.8813074156357),2007-01-01 00:00:00,12.731,15
POINT(-7.19104107491884 40.2114553263995),2007-01-01 00:00:00,472.7830,57
POINT(-7.19104107491884 40.5416032371634),2007-01-01 00:00:00,1532.9561,140
POINT(-7.19104107491884 40.8717511479272),2007-01-01 00:00:00,611.3102,174
POINT(-7.19104107491884 41.201899058691),2007-01-01 00:00:00,316.7743,143
POINT(-7.19104107491884 41.5320469694549),2007-01-01 00:00:00,195.1917,145
POINT(-7.19104107491884 41.8621948802187),2007-01-01 00:00:00,104.370,38
POINT(-6.86089316415502 40.2114553263995),2007-01-01 00:00:00,0.041,2
POINT(-6.86089316415502 40.5416032371634),2007-01-01 00:00:00,4.001,5
POINT(-6.86089316415502 40.8717511479272),2007-01-01 00:00:00,17.3115,18
POINT(-6.86089316415502 41.201899058691),2007-01-01 00:00:00,269.4801,117
POINT(-6.86089316415502 41.5320469694549),2007-01-01 00:00:00,132.5163,123
POINT(-6.86089316415502 41.8621948802187),2007-01-01 00:00:00,214.65,33
POINT(-6.53074525339119 41.201899058691),2007-01-01 00:00:00,56.822,32
POINT(-6.53074525339119 41.5320469694549),2007-01-01 00:00:00,37.99,24
POINT(-9.50207645026561 38.2305678618166),2008-01-01 00:00:00,0.017,2
POINT(-9.50207645026561 38.5607157725804),2008-01-01 00:00:00,366.0863,668
POINT(-9.50207645026561 38.8908636833443),2008-01-01 00:00:00,150.5057,308
POINT(-9.50207645026561 39.2210115941081),2008-01-01 00:00:00,46.4584,69
POINT(-9.17192853950178 36.9099762187613),2008-01-01 00:00:00,0.0271,5
POINT(-9.17192853950178 37.2401241295251),2008-01-01 00:00:00,0.0056,2
POINT(-9.17192853950178 37.9004199510528),2008-01-01 00:00:00,0.050,6
POINT(-9.17192853950178 38.2305678618166),2008-01-01 00:00:00,30.0154,101
POINT(-9.17192853950178 38.5607157725804),2008-01-01 00:00:00,152.4160,438
POINT(-9.17192853950178 38.8908636833443),2008-01-01 00:00:00,689.4665,509
POINT(-9.17192853950178 39.2210115941081),2008-01-01 00:00:00,65.9505,134
POINT(-9.17192853950178 39.5511595048719),2008-01-01 00:00:00,14.3837,45
POINT(-9.17192853950178 39.8813074156357),2008-01-01 00:00:00,3.0692,21
POINT(-9.17192853950178 40.2114553263995),2008-01-01 00:00:00,0.0161,7
POINT(-9.17192853950178 41.5320469694549),2008-01-01 00:00:00,1.1463,15
POINT(-8.84178062873798 36.9099762187613),2008-01-01 00:00:00,6.8339,66
POINT(-8.84178062873798 37.2401241295251),2008-01-01 00:00:00,156.5842,46
POINT(-8.84178062873798 37.5702720402889),2008-01-01 00:00:00,23.5702,20
POINT(-8.84178062873798 37.9004199510528),2008-01-01 00:00:00,16.5360,36
POINT(-8.84178062873798 38.2305678618166),2008-01-01 00:00:00,13.3269,19
POINT(-8.84178062873798 38.5607157725804),2008-01-01 00:00:00,16.8178,34
POINT(-8.84178062873798 38.8908636833443),2008-01-01 00:00:00,29.7773,92
POINT(-8.84178062873798 39.2210115941081),2008-01-01 00:00:00,70.5821,115
POINT(-8.84178062873798 39.5511595048719),2008-01-01 00:00:00,70.0049,179
POINT(-8.84178062873798 39.8813074156357),2008-01-01 00:00:00,83.0200,101
POINT(-8.84178062873798 40.2114553263995),2008-01-01 00:00:00,369.5851,127
POINT(-8.84178062873798 40.5416032371634),2008-01-01 00:00:00,39.230314,280
POINT(-8.84178062873798 40.8717511479272),2008-01-01 00:00:00,106.8766,692
POINT(-8.84178062873798 41.201899058691),2008-01-01 00:00:00,83.9304,451
POINT(-8.84178062873798 41.5320469694549),2008-01-01 00:00:00,372.2403,232
POINT(-8.84178062873798 41.8621948802187),2008-01-01 00:00:00,91.3387,131
POINT(-8.51163271797415 36.9099762187613),2008-01-01 00:00:00,25.5742,123
POINT(-8.51163271797415 37.2401241295251),2008-01-01 00:00:00,71.5155,35
POINT(-8.51163271797415 37.5702720402889),2008-01-01 00:00:00,14.2156,10
POINT(-8.51163271797415 37.9004199510528),2008-01-01 00:00:00,25.236,13
POINT(-8.51163271797415 38.2305678618166),2008-01-01 00:00:00,14.1103,13
POINT(-8.51163271797415 38.5607157725804),2008-01-01 00:00:00,10.734,9
POINT(-8.51163271797415 38.8908636833443),2008-01-01 00:00:00,1.73,7
POINT(-8.51163271797415 39.2210115941081),2008-01-01 00:00:00,16.3044,57
POINT(-8.51163271797415 39.5511595048719),2008-01-01 00:00:00,683.8769,123
POINT(-8.51163271797415 39.8813074156357),2008-01-01 00:00:00,49.77232,177
POINT(-8.51163271797415 40.2114553263995),2008-01-01 00:00:00,97.2671,129
POINT(-8.51163271797415 40.5416032371634),2008-01-01 00:00:00,93.47615,279
POINT(-8.51163271797415 40.8717511479272),2008-01-01 00:00:00,244.409225,719
POINT(-8.51163271797415 41.201899058691),2008-01-01 00:00:00,314.7528,1017
POINT(-8.51163271797415 41.5320469694549),2008-01-01 00:00:00,461.0543,438
POINT(-8.51163271797415 41.8621948802187),2008-01-01 00:00:00,273.655,149
POINT(-8.18148480721032 36.9099762187613),2008-01-01 00:00:00,8.2633,108
POINT(-8.18148480721032 37.2401241295251),2008-01-01 00:00:00,2.8792,19
POINT(-8.18148480721032 37.5702720402889),2008-01-01 00:00:00,65.6152,8
POINT(-8.18148480721032 37.9004199510528),2008-01-01 00:00:00,12.3103,6
POINT(-8.18148480721032 38.2305678618166),2008-01-01 00:00:00,5.046,6
POINT(-8.18148480721032 38.5607157725804),2008-01-01 00:00:00,4.704,11
POINT(-8.18148480721032 38.8908636833443),2008-01-01 00:00:00,6.8690,17
POINT(-8.18148480721032 39.2210115941081),2008-01-01 00:00:00,31.121,30
POINT(-8.18148480721032 39.5511595048719),2008-01-01 00:00:00,12.4774,79
POINT(-8.18148480721032 39.8813074156357),2008-01-01 00:00:00,79.3807,41
POINT(-8.18148480721032 40.2114553263995),2008-01-01 00:00:00,90.8132,119
POINT(-8.18148480721032 40.5416032371634),2008-01-01 00:00:00,51.2698,148
POINT(-8.18148480721032 40.8717511479272),2008-01-01 00:00:00,356.7994,561
POINT(-8.18148480721032 41.201899058691),2008-01-01 00:00:00,312.376,411
POINT(-8.18148480721032 41.5320469694549),2008-01-01 00:00:00,825.771,202
POINT(-8.18148480721032 41.8621948802187),2008-01-01 00:00:00,8.75,5
POINT(-7.8513368964465 36.9099762187613),2008-01-01 00:00:00,16.8055,89
POINT(-7.8513368964465 37.2401241295251),2008-01-01 00:00:00,12.8821,11
POINT(-7.8513368964465 37.5702720402889),2008-01-01 00:00:00,42.5006,6
POINT(-7.8513368964465 37.9004199510528),2008-01-01 00:00:00,25.3425,11
POINT(-7.8513368964465 38.2305678618166),2008-01-01 00:00:00,14.008,13
POINT(-7.8513368964465 38.5607157725804),2008-01-01 00:00:00,18.227,17
POINT(-7.8513368964465 38.8908636833443),2008-01-01 00:00:00,0.0012,3
POINT(-7.8513368964465 39.2210115941081),2008-01-01 00:00:00,3.2495,8
POINT(-7.8513368964465 39.5511595048719),2008-01-01 00:00:00,480.6647,78
POINT(-7.8513368964465 39.8813074156357),2008-01-01 00:00:00,107.5889,69
POINT(-7.8513368964465 40.2114553263995),2008-01-01 00:00:00,270.6845,161
POINT(-7.8513368964465 40.5416032371634),2008-01-01 00:00:00,310.7307,164
POINT(-7.8513368964465 40.8717511479272),2008-01-01 00:00:00,398.3568,280
POINT(-7.8513368964465 41.201899058691),2008-01-01 00:00:00,400.9555,313
POINT(-7.8513368964465 41.5320469694549),2008-01-01 00:00:00,450.4015,237
POINT(-7.8513368964465 41.8621948802187),2008-01-01 00:00:00,10.05,5
POINT(-7.52118898568267 36.9099762187613),2008-01-01 00:00:00,5.1456,18
POINT(-7.52118898568267 37.2401241295251),2008-01-01 00:00:00,6.0625,14
POINT(-7.52118898568267 37.5702720402889),2008-01-01 00:00:00,7.02,4
POINT(-7.52118898568267 38.2305678618166),2008-01-01 00:00:00,2.17,5
POINT(-7.52118898568267 38.5607157725804),2008-01-01 00:00:00,15.7155,14
POINT(-7.52118898568267 38.8908636833443),2008-01-01 00:00:00,0.9105,3
POINT(-7.52118898568267 39.2210115941081),2008-01-01 00:00:00,16.0395,29
POINT(-7.52118898568267 39.5511595048719),2008-01-01 00:00:00,5.8326,12
POINT(-7.52118898568267 39.8813074156357),2008-01-01 00:00:00,507.0636,143
POINT(-7.52118898568267 40.2114553263995),2008-01-01 00:00:00,307.5251,160
POINT(-7.52118898568267 40.5416032371634),2008-01-01 00:00:00,1069.5705,242
POINT(-7.52118898568267 40.8717511479272),2008-01-01 00:00:00,1193.6957,201
POINT(-7.52118898568267 41.201899058691),2008-01-01 00:00:00,173.711,193
POINT(-7.52118898568267 41.5320469694549),2008-01-01 00:00:00,355.891,241
POINT(-7.52118898568267 41.8621948802187),2008-01-01 00:00:00,0.51,2
POINT(-7.19104107491884 37.9004199510528),2008-01-01 00:00:00,2,3
POINT(-7.19104107491884 38.5607157725804),2008-01-01 00:00:00,0.28,1
POINT(-7.19104107491884 38.8908636833443),2008-01-01 00:00:00,0.017,3
POINT(-7.19104107491884 39.5511595048719),2008-01-01 00:00:00,7.00,2
POINT(-7.19104107491884 39.8813074156357),2008-01-01 00:00:00,37.343,15
POINT(-7.19104107491884 40.2114553263995),2008-01-01 00:00:00,270.6514,103
POINT(-7.19104107491884 40.5416032371634),2008-01-01 00:00:00,607.9000,99
POINT(-7.19104107491884 40.8717511479272),2008-01-01 00:00:00,989.4673,135
POINT(-7.19104107491884 41.201899058691),2008-01-01 00:00:00,130.9293,124
POINT(-7.19104107491884 41.5320469694549),2008-01-01 00:00:00,210.3272,123
POINT(-7.19104107491884 41.8621948802187),2008-01-01 00:00:00,188.371,24
POINT(-6.86089316415502 40.2114553263995),2008-01-01 00:00:00,14.21,9
POINT(-6.86089316415502 40.5416032371634),2008-01-01 00:00:00,58.99,9
POINT(-6.86089316415502 40.8717511479272),2008-01-01 00:00:00,50.4271,26
POINT(-6.86089316415502 41.201899058691),2008-01-01 00:00:00,304.79619,94
POINT(-6.86089316415502 41.5320469694549),2008-01-01 00:00:00,328.8126,89
POINT(-6.86089316415502 41.8621948802187),2008-01-01 00:00:00,251.58,20
POINT(-6.53074525339119 41.201899058691),2008-01-01 00:00:00,55.245,25
POINT(-6.53074525339119 41.5320469694549),2008-01-01 00:00:00,312.8405,32
POINT(-6.53074525339119 41.8621948802187),2008-01-01 00:00:00,0.57,2
POINT(-9.50207645026561 38.2305678618166),2009-01-01 00:00:00,0.004,3
POINT(-9.50207645026561 38.5607157725804),2009-01-01 00:00:00,240.9667,538
POINT(-9.50207645026561 38.8908636833443),2009-01-01 00:00:00,76.3397,225
POINT(-9.50207645026561 39.2210115941081),2009-01-01 00:00:00,46.7108,62
POINT(-9.17192853950178 36.9099762187613),2009-01-01 00:00:00,3.7874,10
POINT(-9.17192853950178 37.2401241295251),2009-01-01 00:00:00,0.005,1
POINT(-9.17192853950178 37.9004199510528),2009-01-01 00:00:00,1.555,8
POINT(-9.17192853950178 38.2305678618166),2009-01-01 00:00:00,47.58876,93
POINT(-9.17192853950178 38.5607157725804),2009-01-01 00:00:00,272.5370,367
POINT(-9.17192853950178 38.8908636833443),2009-01-01 00:00:00,274.2248,354
POINT(-9.17192853950178 39.2210115941081),2009-01-01 00:00:00,58.0569,120
POINT(-9.17192853950178 39.5511595048719),2009-01-01 00:00:00,5.7158,75
POINT(-9.17192853950178 39.8813074156357),2009-01-01 00:00:00,3.2696,17
POINT(-9.17192853950178 40.2114553263995),2009-01-01 00:00:00,0.155,6
POINT(-9.17192853950178 41.5320469694549),2009-01-01 00:00:00,150.712,36
POINT(-8.84178062873798 36.9099762187613),2009-01-01 00:00:00,25.2870,77
POINT(-8.84178062873798 37.2401241295251),2009-01-01 00:00:00,26.9227,50
POINT(-8.84178062873798 37.5702720402889),2009-01-01 00:00:00,4.8707,14
POINT(-8.84178062873798 37.9004199510528),2009-01-01 00:00:00,22.0048,26
POINT(-8.84178062873798 38.2305678618166),2009-01-01 00:00:00,12.6318,15
POINT(-8.84178062873798 38.5607157725804),2009-01-01 00:00:00,22.0703,41
POINT(-8.84178062873798 38.8908636833443),2009-01-01 00:00:00,33.9367,79
POINT(-8.84178062873798 39.2210115941081),2009-01-01 00:00:00,52.3991,86
POINT(-8.84178062873798 39.5511595048719),2009-01-01 00:00:00,41.58645,145
POINT(-8.84178062873798 39.8813074156357),2009-01-01 00:00:00,48.9081,96
POINT(-8.84178062873798 40.2114553263995),2009-01-01 00:00:00,34.2515,130
POINT(-8.84178062873798 40.5416032371634),2009-01-01 00:00:00,69.7831,297
POINT(-8.84178062873798 40.8717511479272),2009-01-01 00:00:00,245.4420,1308
POINT(-8.84178062873798 41.201899058691),2009-01-01 00:00:00,654.3181,992
POINT(-8.84178062873798 41.5320469694549),2009-01-01 00:00:00,1392.9675,701
POINT(-8.84178062873798 41.8621948802187),2009-01-01 00:00:00,1157.0321,438
POINT(-8.51163271797415 36.9099762187613),2009-01-01 00:00:00,21.4873,140
POINT(-8.51163271797415 37.2401241295251),2009-01-01 00:00:00,39.6885,40
POINT(-8.51163271797415 37.5702720402889),2009-01-01 00:00:00,108.8703,10
POINT(-8.51163271797415 37.9004199510528),2009-01-01 00:00:00,2.9120,10
POINT(-8.51163271797415 38.2305678618166),2009-01-01 00:00:00,2.9335,6
POINT(-8.51163271797415 38.5607157725804),2009-01-01 00:00:00,1.705,11
POINT(-8.51163271797415 38.8908636833443),2009-01-01 00:00:00,2.7865,9
POINT(-8.51163271797415 39.2210115941081),2009-01-01 00:00:00,7.7415,51
POINT(-8.51163271797415 39.5511595048719),2009-01-01 00:00:00,40.1078,108
POINT(-8.51163271797415 39.8813074156357),2009-01-01 00:00:00,412.1478,207
POINT(-8.51163271797415 40.2114553263995),2009-01-01 00:00:00,59.5598,175
POINT(-8.51163271797415 40.5416032371634),2009-01-01 00:00:00,605.15173,434
POINT(-8.51163271797415 40.8717511479272),2009-01-01 00:00:00,2783.5014,2065
POINT(-8.51163271797415 41.201899058691),2009-01-01 00:00:00,2344.4384,3294
POINT(-8.51163271797415 41.5320469694549),2009-01-01 00:00:00,3225.2100,1285
POINT(-8.51163271797415 41.8621948802187),2009-01-01 00:00:00,2290.4735,493
POINT(-8.18148480721032 36.9099762187613),2009-01-01 00:00:00,16.2728,153
POINT(-8.18148480721032 37.2401241295251),2009-01-01 00:00:00,4.6340,28
POINT(-8.18148480721032 37.5702720402889),2009-01-01 00:00:00,0.3501,3
POINT(-8.18148480721032 37.9004199510528),2009-01-01 00:00:00,177.1,2
POINT(-8.18148480721032 38.2305678618166),2009-01-01 00:00:00,6.985,4
POINT(-8.18148480721032 38.5607157725804),2009-01-01 00:00:00,27.732,14
POINT(-8.18148480721032 38.8908636833443),2009-01-01 00:00:00,7.8338,13
POINT(-8.18148480721032 39.2210115941081),2009-01-01 00:00:00,19.3666,43
POINT(-8.18148480721032 39.5511595048719),2009-01-01 00:00:00,14.1630,38
POINT(-8.18148480721032 39.8813074156357),2009-01-01 00:00:00,11.3812,49
POINT(-8.18148480721032 40.2114553263995),2009-01-01 00:00:00,67.4027,191
POINT(-8.18148480721032 40.5416032371634),2009-01-01 00:00:00,498.173401,283
POINT(-8.18148480721032 40.8717511479272),2009-01-01 00:00:00,7247.7815,1466
POINT(-8.18148480721032 41.201899058691),2009-01-01 00:00:00,7766.4821,1523
POINT(-8.18148480721032 41.5320469694549),2009-01-01 00:00:00,6245.418,639
POINT(-8.18148480721032 41.8621948802187),2009-01-01 00:00:00,204.857,32
POINT(-7.8513368964465 36.9099762187613),2009-01-01 00:00:00,14.9431,91
POINT(-7.8513368964465 37.2401241295251),2009-01-01 00:00:00,1642.2800,17
POINT(-7.8513368964465 37.5702720402889),2009-01-01 00:00:00,643.3003,4
POINT(-7.8513368964465 37.9004199510528),2009-01-01 00:00:00,11.4801,9
POINT(-7.8513368964465 38.2305678618166),2009-01-01 00:00:00,14.931,5
POINT(-7.8513368964465 38.5607157725804),2009-01-01 00:00:00,2.568,6
POINT(-7.8513368964465 38.8908636833443),2009-01-01 00:00:00,11.9063,6
POINT(-7.8513368964465 39.2210115941081),2009-01-01 00:00:00,5.3484,13
POINT(-7.8513368964465 39.5511595048719),2009-01-01 00:00:00,18.3464,36
POINT(-7.8513368964465 39.8813074156357),2009-01-01 00:00:00,69.5520,76
POINT(-7.8513368964465 40.2114553263995),2009-01-01 00:00:00,834.1842,152
POINT(-7.8513368964465 40.5416032371634),2009-01-01 00:00:00,2318.6940,358
POINT(-7.8513368964465 40.8717511479272),2009-01-01 00:00:00,1541.1388,456
POINT(-7.8513368964465 41.201899058691),2009-01-01 00:00:00,4028.355,729
POINT(-7.8513368964465 41.5320469694549),2009-01-01 00:00:00,5428.207,773
POINT(-7.8513368964465 41.8621948802187),2009-01-01 00:00:00,57.02,21
POINT(-7.52118898568267 36.9099762187613),2009-01-01 00:00:00,1.6695,16
POINT(-7.52118898568267 37.2401241295251),2009-01-01 00:00:00,4.946,9
POINT(-7.52118898568267 37.5702720402889),2009-01-01 00:00:00,4.0,2
POINT(-7.52118898568267 37.9004199510528),2009-01-01 00:00:00,0.02,1
POINT(-7.52118898568267 38.2305678618166),2009-01-01 00:00:00,2.19,3
POINT(-7.52118898568267 38.5607157725804),2009-01-01 00:00:00,0.5651,7
POINT(-7.52118898568267 38.8908636833443),2009-01-01 00:00:00,1.7736,6
POINT(-7.52118898568267 39.2210115941081),2009-01-01 00:00:00,13.1208,29
POINT(-7.52118898568267 39.5511595048719),2009-01-01 00:00:00,23.7821,12
POINT(-7.52118898568267 39.8813074156357),2009-01-01 00:00:00,144.8625,150
POINT(-7.52118898568267 40.2114553263995),2009-01-01 00:00:00,11331.8708,151
POINT(-7.52118898568267 40.5416032371634),2009-01-01 00:00:00,4516.6410,284
POINT(-7.52118898568267 40.8717511479272),2009-01-01 00:00:00,1985.7544,229
POINT(-7.52118898568267 41.201899058691),2009-01-01 00:00:00,1181.373,290
POINT(-7.52118898568267 41.5320469694549),2009-01-01 00:00:00,3379.3401,489
POINT(-7.52118898568267 41.8621948802187),2009-01-01 00:00:00,20.9,2
POINT(-7.19104107491884 37.9004199510528),2009-01-01 00:00:00,0.0001,1
POINT(-7.19104107491884 38.5607157725804),2009-01-01 00:00:00,0.02,1
POINT(-7.19104107491884 38.8908636833443),2009-01-01 00:00:00,0.9745,3
POINT(-7.19104107491884 39.5511595048719),2009-01-01 00:00:00,42.3325,5
POINT(-7.19104107491884 39.8813074156357),2009-01-01 00:00:00,21.4042,26
POINT(-7.19104107491884 40.2114553263995),2009-01-01 00:00:00,2242.6020,160
POINT(-7.19104107491884 40.5416032371634),2009-01-01 00:00:00,1648.836,136
POINT(-7.19104107491884 40.8717511479272),2009-01-01 00:00:00,593.4041,197
POINT(-7.19104107491884 41.201899058691),2009-01-01 00:00:00,306.8006,132
POINT(-7.19104107491884 41.5320469694549),2009-01-01 00:00:00,1147.8987,162
POINT(-7.19104107491884 41.8621948802187),2009-01-01 00:00:00,1097.6891,51
POINT(-6.86089316415502 40.2114553263995),2009-01-01 00:00:00,18.56,13
POINT(-6.86089316415502 40.5416032371634),2009-01-01 00:00:00,354.95,15
POINT(-6.86089316415502 40.8717511479272),2009-01-01 00:00:00,30.4114,25
POINT(-6.86089316415502 41.201899058691),2009-01-01 00:00:00,621.9551,125
POINT(-6.86089316415502 41.5320469694549),2009-01-01 00:00:00,2197.8812,162
POINT(-6.86089316415502 41.8621948802187),2009-01-01 00:00:00,292.524,44
POINT(-6.53074525339119 41.201899058691),2009-01-01 00:00:00,1120.9815,35
POINT(-6.53074525339119 41.5320469694549),2009-01-01 00:00:00,255.987,45
POINT(-10.4925201825571 36.9099762187613),2010-01-01 00:00:00,11.740,10
POINT(-9.50207645026561 38.2305678618166),2010-01-01 00:00:00,0.013,2
POINT(-9.50207645026561 38.5607157725804),2010-01-01 00:00:00,476.44955,623
POINT(-9.50207645026561 38.8908636833443),2010-01-01 00:00:00,134.8349,286
POINT(-9.50207645026561 39.2210115941081),2010-01-01 00:00:00,55.8063,82
POINT(-9.17192853950178 36.9099762187613),2010-01-01 00:00:00,2.039,5
POINT(-9.17192853950178 37.2401241295251),2010-01-01 00:00:00,1.005,2
POINT(-9.17192853950178 37.9004199510528),2010-01-01 00:00:00,9.555,7
POINT(-9.17192853950178 38.2305678618166),2010-01-01 00:00:00,19.8905,105
POINT(-9.17192853950178 38.5607157725804),2010-01-01 00:00:00,127.56843,416
POINT(-9.17192853950178 38.8908636833443),2010-01-01 00:00:00,132.6524,278
POINT(-9.17192853950178 39.2210115941081),2010-01-01 00:00:00,31.2274,111
POINT(-9.17192853950178 39.5511595048719),2010-01-01 00:00:00,33.8991,55
POINT(-9.17192853950178 39.8813074156357),2010-01-01 00:00:00,2.9050,12
POINT(-9.17192853950178 40.2114553263995),2010-01-01 00:00:00,0.02,1
POINT(-9.17192853950178 41.5320469694549),2010-01-01 00:00:00,44.764,55
POINT(-8.84178062873798 36.9099762187613),2010-01-01 00:00:00,26.2995,64
POINT(-8.84178062873798 37.2401241295251),2010-01-01 00:00:00,10.5018,27
POINT(-8.84178062873798 37.5702720402889),2010-01-01 00:00:00,15.6960,16
POINT(-8.84178062873798 37.9004199510528),2010-01-01 00:00:00,118.4898,18
POINT(-8.84178062873798 38.2305678618166),2010-01-01 00:00:00,1775.9059,24
POINT(-8.84178062873798 38.5607157725804),2010-01-01 00:00:00,121.9171,42
POINT(-8.84178062873798 38.8908636833443),2010-01-01 00:00:00,90.3973,69
POINT(-8.84178062873798 39.2210115941081),2010-01-01 00:00:00,392.0357,76
POINT(-8.84178062873798 39.5511595048719),2010-01-01 00:00:00,41.5677,86
POINT(-8.84178062873798 39.8813074156357),2010-01-01 00:00:00,453.2656,84
POINT(-8.84178062873798 40.2114553263995),2010-01-01 00:00:00,35.4987,116
POINT(-8.84178062873798 40.5416032371634),2010-01-01 00:00:00,263.8760,404
POINT(-8.84178062873798 40.8717511479272),2010-01-01 00:00:00,436.3190,1164
POINT(-8.84178062873798 41.201899058691),2010-01-01 00:00:00,665.9445,787
POINT(-8.84178062873798 41.5320469694549),2010-01-01 00:00:00,7830.3619,929
POINT(-8.84178062873798 41.8621948802187),2010-01-01 00:00:00,3099.6373,424
POINT(-8.51163271797415 36.9099762187613),2010-01-01 00:00:00,13.5385,77
POINT(-8.51163271797415 37.2401241295251),2010-01-01 00:00:00,24.2471,21
POINT(-8.51163271797415 37.5702720402889),2010-01-01 00:00:00,47.8042,4
POINT(-8.51163271797415 37.9004199510528),2010-01-01 00:00:00,108.5294,11
POINT(-8.51163271797415 38.2305678618166),2010-01-01 00:00:00,1.1945,7
POINT(-8.51163271797415 38.5607157725804),2010-01-01 00:00:00,52.70,9
POINT(-8.51163271797415 38.8908636833443),2010-01-01 00:00:00,21.9568,11
POINT(-8.51163271797415 39.2210115941081),2010-01-01 00:00:00,26.9058,61
POINT(-8.51163271797415 39.5511595048719),2010-01-01 00:00:00,1182.8285,113
POINT(-8.51163271797415 39.8813074156357),2010-01-01 00:00:00,305.4810,160
POINT(-8.51163271797415 40.2114553263995),2010-01-01 00:00:00,1036.6753,205
POINT(-8.51163271797415 40.5416032371634),2010-01-01 00:00:00,4140.55681,869
POINT(-8.51163271797415 40.8717511479272),2010-01-01 00:00:00,5596.05734,2001
POINT(-8.51163271797415 41.201899058691),2010-01-01 00:00:00,3015.5861,2477
POINT(-8.51163271797415 41.5320469694549),2010-01-01 00:00:00,10423.4435,1143
POINT(-8.51163271797415 41.8621948802187),2010-01-01 00:00:00,8082.1316,526
POINT(-8.18148480721032 36.9099762187613),2010-01-01 00:00:00,8.0974,67
POINT(-8.18148480721032 37.2401241295251),2010-01-01 00:00:00,24.3351,40
POINT(-8.18148480721032 37.5702720402889),2010-01-01 00:00:00,3.0012,3
POINT(-8.18148480721032 37.9004199510528),2010-01-01 00:00:00,4.0302,2
POINT(-8.18148480721032 38.2305678618166),2010-01-01 00:00:00,442.733,11
POINT(-8.18148480721032 38.5607157725804),2010-01-01 00:00:00,11.272,9
POINT(-8.18148480721032 38.8908636833443),2010-01-01 00:00:00,3.6534,5
POINT(-8.18148480721032 39.2210115941081),2010-01-01 00:00:00,9.1806,24
POINT(-8.18148480721032 39.5511595048719),2010-01-01 00:00:00,14.4028,53
POINT(-8.18148480721032 39.8813074156357),2010-01-01 00:00:00,53.61085,39
POINT(-8.18148480721032 40.2114553263995),2010-01-01 00:00:00,596.5814,218
POINT(-8.18148480721032 40.5416032371634),2010-01-01 00:00:00,9720.5636,587
POINT(-8.18148480721032 40.8717511479272),2010-01-01 00:00:00,4494.9236,971
POINT(-8.18148480721032 41.201899058691),2010-01-01 00:00:00,5195.9201,1393
POINT(-8.18148480721032 41.5320469694549),2010-01-01 00:00:00,6747.917,384
POINT(-8.18148480721032 41.8621948802187),2010-01-01 00:00:00,7.250,10
POINT(-7.8513368964465 36.9099762187613),2010-01-01 00:00:00,17.0434,62
POINT(-7.8513368964465 37.2401241295251),2010-01-01 00:00:00,22.2220,14
POINT(-7.8513368964465 37.5702720402889),2010-01-01 00:00:00,40.1005,4
POINT(-7.8513368964465 37.9004199510528),2010-01-01 00:00:00,3.1701,5
POINT(-7.8513368964465 38.2305678618166),2010-01-01 00:00:00,19.05,4
POINT(-7.8513368964465 38.5607157725804),2010-01-01 00:00:00,66.6536,18
POINT(-7.8513368964465 38.8908636833443),2010-01-01 00:00:00,6.9859,4
POINT(-7.8513368964465 39.2210115941081),2010-01-01 00:00:00,11.2140,10
POINT(-7.8513368964465 39.5511595048719),2010-01-01 00:00:00,20.3333,25
POINT(-7.8513368964465 39.8813074156357),2010-01-01 00:00:00,186.3755,39
POINT(-7.8513368964465 40.2114553263995),2010-01-01 00:00:00,9605.0642,127
POINT(-7.8513368964465 40.5416032371634),2010-01-01 00:00:00,4285.1149,258
POINT(-7.8513368964465 40.8717511479272),2010-01-01 00:00:00,4055.7815,296
POINT(-7.8513368964465 41.201899058691),2010-01-01 00:00:00,6773.313,447
POINT(-7.8513368964465 41.5320469694549),2010-01-01 00:00:00,8246.967,327
POINT(-7.8513368964465 41.8621948802187),2010-01-01 00:00:00,12.33,13
POINT(-7.52118898568267 36.9099762187613),2010-01-01 00:00:00,0.021,4
POINT(-7.52118898568267 37.2401241295251),2010-01-01 00:00:00,61.025,5
POINT(-7.52118898568267 37.9004199510528),2010-01-01 00:00:00,35.05,1
POINT(-7.52118898568267 38.2305678618166),2010-01-01 00:00:00,189.491,15
POINT(-7.52118898568267 38.5607157725804),2010-01-01 00:00:00,15.6931,6
POINT(-7.52118898568267 38.8908636833443),2010-01-01 00:00:00,19.4203,6
POINT(-7.52118898568267 39.2210115941081),2010-01-01 00:00:00,141.6878,24
POINT(-7.52118898568267 39.5511595048719),2010-01-01 00:00:00,99.9670,8
POINT(-7.52118898568267 39.8813074156357),2010-01-01 00:00:00,163.0592,76
POINT(-7.52118898568267 40.2114553263995),2010-01-01 00:00:00,2461.7045,100
POINT(-7.52118898568267 40.5416032371634),2010-01-01 00:00:00,3186.4643,181
POINT(-7.52118898568267 40.8717511479272),2010-01-01 00:00:00,871.6112,140
POINT(-7.52118898568267 41.201899058691),2010-01-01 00:00:00,2063.0185,163
POINT(-7.52118898568267 41.5320469694549),2010-01-01 00:00:00,1336.627,255
POINT(-7.19104107491884 38.8908636833443),2010-01-01 00:00:00,153.5285,6
POINT(-7.19104107491884 39.5511595048719),2010-01-01 00:00:00,57.9123,1
POINT(-7.19104107491884 39.8813074156357),2010-01-01 00:00:00,8.4264,9
POINT(-7.19104107491884 40.2114553263995),2010-01-01 00:00:00,6347.1647,67
POINT(-7.19104107491884 40.5416032371634),2010-01-01 00:00:00,4373.1534,98
POINT(-7.19104107491884 40.8717511479272),2010-01-01 00:00:00,3037.285,168
POINT(-7.19104107491884 41.201899058691),2010-01-01 00:00:00,172.6528,71
POINT(-7.19104107491884 41.5320469694549),2010-01-01 00:00:00,85.0881,75
POINT(-7.19104107491884 41.8621948802187),2010-01-01 00:00:00,282.902,31
POINT(-6.86089316415502 40.2114553263995),2010-01-01 00:00:00,1.01,2
POINT(-6.86089316415502 40.5416032371634),2010-01-01 00:00:00,143.8,7
POINT(-6.86089316415502 40.8717511479272),2010-01-01 00:00:00,107.851,16
POINT(-6.86089316415502 41.201899058691),2010-01-01 00:00:00,1921.1197,61
POINT(-6.86089316415502 41.5320469694549),2010-01-01 00:00:00,65.3801,46
POINT(-6.86089316415502 41.8621948802187),2010-01-01 00:00:00,9.371,8
POINT(-6.53074525339119 41.201899058691),2010-01-01 00:00:00,11.001,21
POINT(-6.53074525339119 41.5320469694549),2010-01-01 00:00:00,121.451,24
POINT(-6.53074525339119 41.8621948802187),2010-01-01 00:00:00,0.52,1
POINT(-6.20059734262736 41.5320469694549),2010-01-01 00:00:00,1.5,1
POINT(-10.4925201825571 36.9099762187613),2011-01-01 00:00:00,6.071,18
POINT(-9.50207645026561 38.2305678618166),2011-01-01 00:00:00,0.0004,2
POINT(-9.50207645026561 38.5607157725804),2011-01-01 00:00:00,479.31577,302
POINT(-9.50207645026561 38.8908636833443),2011-01-01 00:00:00,437.7112,315
POINT(-9.50207645026561 39.2210115941081),2011-01-01 00:00:00,561.6568,128
POINT(-9.17192853950178 36.9099762187613),2011-01-01 00:00:00,5.3583,10
POINT(-9.17192853950178 37.2401241295251),2011-01-01 00:00:00,3.8787,3
POINT(-9.17192853950178 37.9004199510528),2011-01-01 00:00:00,1.2277,5
POINT(-9.17192853950178 38.2305678618166),2011-01-01 00:00:00,190.1091,89
POINT(-9.17192853950178 38.5607157725804),2011-01-01 00:00:00,102.11736,329
POINT(-9.17192853950178 38.8908636833443),2011-01-01 00:00:00,735.7614,329
POINT(-9.17192853950178 39.2210115941081),2011-01-01 00:00:00,284.2716,167
POINT(-9.17192853950178 39.5511595048719),2011-01-01 00:00:00,9.9911,65
POINT(-9.17192853950178 39.8813074156357),2011-01-01 00:00:00,1.1442,17
POINT(-9.17192853950178 40.2114553263995),2011-01-01 00:00:00,1.577,7
POINT(-9.17192853950178 41.5320469694549),2011-01-01 00:00:00,60.8967,73
POINT(-8.84178062873798 36.9099762187613),2011-01-01 00:00:00,31.7221,69
POINT(-8.84178062873798 37.2401241295251),2011-01-01 00:00:00,47.3903,23
POINT(-8.84178062873798 37.5702720402889),2011-01-01 00:00:00,9.5543,11
POINT(-8.84178062873798 37.9004199510528),2011-01-01 00:00:00,30.8311,21
POINT(-8.84178062873798 38.2305678618166),2011-01-01 00:00:00,3.1297,21
POINT(-8.84178062873798 38.5607157725804),2011-01-01 00:00:00,80.6007,43
POINT(-8.84178062873798 38.8908636833443),2011-01-01 00:00:00,27.4955,85
POINT(-8.84178062873798 39.2210115941081),2011-01-01 00:00:00,705.6113,109
POINT(-8.84178062873798 39.5511595048719),2011-01-01 00:00:00,458.007201,199
POINT(-8.84178062873798 39.8813074156357),2011-01-01 00:00:00,106.4363,140
POINT(-8.84178062873798 40.2114553263995),2011-01-01 00:00:00,275.12076,178
POINT(-8.84178062873798 40.5416032371634),2011-01-01 00:00:00,227.53995,338
POINT(-8.84178062873798 40.8717511479272),2011-01-01 00:00:00,756.4474,1759
POINT(-8.84178062873798 41.201899058691),2011-01-01 00:00:00,554.29395,1034
POINT(-8.84178062873798 41.5320469694549),2011-01-01 00:00:00,1665.2640,1092
POINT(-8.84178062873798 41.8621948802187),2011-01-01 00:00:00,1132.3601,346
POINT(-8.51163271797415 36.9099762187613),2011-01-01 00:00:00,22.5414,95
POINT(-8.51163271797415 37.2401241295251),2011-01-01 00:00:00,40.7651,24
POINT(-8.51163271797415 37.5702720402889),2011-01-01 00:00:00,0.2468,3
POINT(-8.51163271797415 37.9004199510528),2011-01-01 00:00:00,45.1598,5
POINT(-8.51163271797415 38.2305678618166),2011-01-01 00:00:00,102.46,2
POINT(-8.51163271797415 38.5607157725804),2011-01-01 00:00:00,19.79,5
POINT(-8.51163271797415 38.8908636833443),2011-01-01 00:00:00,20.9444,15
POINT(-8.51163271797415 39.2210115941081),2011-01-01 00:00:00,98.0312,121
POINT(-8.51163271797415 39.5511595048719),2011-01-01 00:00:00,43.4444,100
POINT(-8.51163271797415 39.8813074156357),2011-01-01 00:00:00,879.6343,179
POINT(-8.51163271797415 40.2114553263995),2011-01-01 00:00:00,77.0139,205
POINT(-8.51163271797415 40.5416032371634),2011-01-01 00:00:00,1408.1597,736
POINT(-8.51163271797415 40.8717511479272),2011-01-01 00:00:00,1738.7743,1947
POINT(-8.51163271797415 41.201899058691),2011-01-01 00:00:00,2149.1799,2752
POINT(-8.51163271797415 41.5320469694549),2011-01-01 00:00:00,3399.0822,1605
POINT(-8.51163271797415 41.8621948802187),2011-01-01 00:00:00,1638.6754,461
POINT(-8.18148480721032 36.9099762187613),2011-01-01 00:00:00,20.6628,73
POINT(-8.18148480721032 37.2401241295251),2011-01-01 00:00:00,4.1913,23
POINT(-8.18148480721032 37.5702720402889),2011-01-01 00:00:00,5.9216,8
POINT(-8.18148480721032 37.9004199510528),2011-01-01 00:00:00,0.12,1
POINT(-8.18148480721032 38.2305678618166),2011-01-01 00:00:00,1.57,2
POINT(-8.18148480721032 38.5607157725804),2011-01-01 00:00:00,2.5707,5
POINT(-8.18148480721032 38.8908636833443),2011-01-01 00:00:00,2.1743,3
POINT(-8.18148480721032 39.2210115941081),2011-01-01 00:00:00,168.7873,30
POINT(-8.18148480721032 39.5511595048719),2011-01-01 00:00:00,520.6446,49
POINT(-8.18148480721032 39.8813074156357),2011-01-01 00:00:00,9.38405,61
POINT(-8.18148480721032 40.2114553263995),2011-01-01 00:00:00,94.92166,195
POINT(-8.18148480721032 40.5416032371634),2011-01-01 00:00:00,1213.1626,363
POINT(-8.18148480721032 40.8717511479272),2011-01-01 00:00:00,2674.6134,1238
POINT(-8.18148480721032 41.201899058691),2011-01-01 00:00:00,1904.7811,1093
POINT(-8.18148480721032 41.5320469694549),2011-01-01 00:00:00,4027.2581,583
POINT(-8.18148480721032 41.8621948802187),2011-01-01 00:00:00,217.231,24
POINT(-7.8513368964465 36.9099762187613),2011-01-01 00:00:00,17.1435,65
POINT(-7.8513368964465 37.2401241295251),2011-01-01 00:00:00,11.3938,20
POINT(-7.8513368964465 37.9004199510528),2011-01-01 00:00:00,156.05,7
POINT(-7.8513368964465 38.2305678618166),2011-01-01 00:00:00,312.895,8
POINT(-7.8513368964465 38.5607157725804),2011-01-01 00:00:00,0.92,1
POINT(-7.8513368964465 38.8908636833443),2011-01-01 00:00:00,214.2058,4
POINT(-7.8513368964465 39.2210115941081),2011-01-01 00:00:00,35.2395,9
POINT(-7.8513368964465 39.5511595048719),2011-01-01 00:00:00,2164.5718,42
POINT(-7.8513368964465 39.8813074156357),2011-01-01 00:00:00,708.5217,46
POINT(-7.8513368964465 40.2114553263995),2011-01-01 00:00:00,1931.1703,128
POINT(-7.8513368964465 40.5416032371634),2011-01-01 00:00:00,849.1397,251
POINT(-7.8513368964465 40.8717511479272),2011-01-01 00:00:00,1468.4387,461
POINT(-7.8513368964465 41.201899058691),2011-01-01 00:00:00,2770.3651,487
POINT(-7.8513368964465 41.5320469694549),2011-01-01 00:00:00,4316.82525,576
POINT(-7.8513368964465 41.8621948802187),2011-01-01 00:00:00,180.330,41
POINT(-7.52118898568267 36.9099762187613),2011-01-01 00:00:00,1.320,9
POINT(-7.52118898568267 37.2401241295251),2011-01-01 00:00:00,0.025,2
POINT(-7.52118898568267 37.5702720402889),2011-01-01 00:00:00,3.6,2
POINT(-7.52118898568267 38.5607157725804),2011-01-01 00:00:00,509.153,7
POINT(-7.52118898568267 38.8908636833443),2011-01-01 00:00:00,13.973,3
POINT(-7.52118898568267 39.2210115941081),2011-01-01 00:00:00,8.3218,24
POINT(-7.52118898568267 39.5511595048719),2011-01-01 00:00:00,7.7262,23
POINT(-7.52118898568267 39.8813074156357),2011-01-01 00:00:00,19688491.8011,77
POINT(-7.52118898568267 40.2114553263995),2011-01-01 00:00:00,2586.1170,106
POINT(-7.52118898568267 40.5416032371634),2011-01-01 00:00:00,2298.0107,185
POINT(-7.52118898568267 40.8717511479272),2011-01-01 00:00:00,3051.6210,349
POINT(-7.52118898568267 41.201899058691),2011-01-01 00:00:00,2103.3782,254
POINT(-7.52118898568267 41.5320469694549),2011-01-01 00:00:00,4872.1837,496
POINT(-7.19104107491884 37.9004199510528),2011-01-01 00:00:00,1.3,1
POINT(-7.19104107491884 38.5607157725804),2011-01-01 00:00:00,0.4485,1
POINT(-7.19104107491884 38.8908636833443),2011-01-01 00:00:00,1.49,2
POINT(-7.19104107491884 39.5511595048719),2011-01-01 00:00:00,5.745,3
POINT(-7.19104107491884 39.8813074156357),2011-01-01 00:00:00,212.8613,22
POINT(-7.19104107491884 40.2114553263995),2011-01-01 00:00:00,129.044,42
POINT(-7.19104107491884 40.5416032371634),2011-01-01 00:00:00,3490.8628,102
POINT(-7.19104107491884 40.8717511479272),2011-01-01 00:00:00,4258.0461,230
POINT(-7.19104107491884 41.201899058691),2011-01-01 00:00:00,2737.3760,133
POINT(-7.19104107491884 41.5320469694549),2011-01-01 00:00:00,1765384.4704,197
POINT(-7.19104107491884 41.8621948802187),2011-01-01 00:00:00,280.841,90
POINT(-6.86089316415502 40.2114553263995),2011-01-01 00:00:00,2.5,2
POINT(-6.86089316415502 40.5416032371634),2011-01-01 00:00:00,29.5,8
POINT(-6.86089316415502 40.8717511479272),2011-01-01 00:00:00,510.326,31
POINT(-6.86089316415502 41.201899058691),2011-01-01 00:00:00,2269.4151,105
POINT(-6.86089316415502 41.5320469694549),2011-01-01 00:00:00,1017.7897,103
POINT(-6.86089316415502 41.8621948802187),2011-01-01 00:00:00,218.6986,29
POINT(-6.53074525339119 41.201899058691),2011-01-01 00:00:00,121.4691,41
POINT(-6.53074525339119 41.5320469694549),2011-01-01 00:00:00,115.3261,30
POINT(-6.53074525339119 41.8621948802187),2011-01-01 00:00:00,4.33,1
POINT(-10.4925201825571 36.9099762187613),2012-01-01 00:00:00,25.336,48
POINT(-9.50207645026561 38.2305678618166),2012-01-01 00:00:00,2.2815,5
POINT(-9.50207645026561 38.5607157725804),2012-01-01 00:00:00,392.904416,408
POINT(-9.50207645026561 38.8908636833443),2012-01-01 00:00:00,413.21731,338
POINT(-9.50207645026561 39.2210115941081),2012-01-01 00:00:00,666.5745,116
POINT(-9.17192853950178 36.9099762187613),2012-01-01 00:00:00,1.8219,6
POINT(-9.17192853950178 37.2401241295251),2012-01-01 00:00:00,0.0482,2
POINT(-9.17192853950178 37.9004199510528),2012-01-01 00:00:00,0.6287,7
POINT(-9.17192853950178 38.2305678618166),2012-01-01 00:00:00,251.0840,110
POINT(-9.17192853950178 38.5607157725804),2012-01-01 00:00:00,112.73728,380
POINT(-9.17192853950178 38.8908636833443),2012-01-01 00:00:00,873.3721,304
POINT(-9.17192853950178 39.2210115941081),2012-01-01 00:00:00,422.5383,240
POINT(-9.17192853950178 39.5511595048719),2012-01-01 00:00:00,18.6954,107
POINT(-9.17192853950178 39.8813074156357),2012-01-01 00:00:00,4.6774,30
POINT(-9.17192853950178 40.2114553263995),2012-01-01 00:00:00,0.065,3
POINT(-9.17192853950178 41.5320469694549),2012-01-01 00:00:00,17.066,19
POINT(-8.84178062873798 36.9099762187613),2012-01-01 00:00:00,206.6395,85
POINT(-8.84178062873798 37.2401241295251),2012-01-01 00:00:00,127.9723,58
POINT(-8.84178062873798 37.5702720402889),2012-01-01 00:00:00,124.0472,22
POINT(-8.84178062873798 37.9004199510528),2012-01-01 00:00:00,1037238.8744,54
POINT(-8.84178062873798 38.2305678618166),2012-01-01 00:00:00,7.9891,15
POINT(-8.84178062873798 38.5607157725804),2012-01-01 00:00:00,16.9188,39
POINT(-8.84178062873798 38.8908636833443),2012-01-01 00:00:00,91.5057,72
POINT(-8.84178062873798 39.2210115941081),2012-01-01 00:00:00,126.2583,169
POINT(-8.84178062873798 39.5511595048719),2012-01-01 00:00:00,6513.0757,200
POINT(-8.84178062873798 39.8813074156357),2012-01-01 00:00:00,487.1923,189
POINT(-8.84178062873798 40.2114553263995),2012-01-01 00:00:00,259.1391,132
POINT(-8.84178062873798 40.5416032371634),2012-01-01 00:00:00,112.70447,196
POINT(-8.84178062873798 40.8717511479272),2012-01-01 00:00:00,283.7297,1114
POINT(-8.84178062873798 41.201899058691),2012-01-01 00:00:00,2459.3905,918
POINT(-8.84178062873798 41.5320469694549),2012-01-01 00:00:00,925.4885,565
POINT(-8.84178062873798 41.8621948802187),2012-01-01 00:00:00,492.7475,197
POINT(-8.51163271797415 36.9099762187613),2012-01-01 00:00:00,8.17182,110
POINT(-8.51163271797415 37.2401241295251),2012-01-01 00:00:00,10.8631,20
POINT(-8.51163271797415 37.5702720402889),2012-01-01 00:00:00,44.4494,5
POINT(-8.51163271797415 37.9004199510528),2012-01-01 00:00:00,17.1786,6
POINT(-8.51163271797415 38.2305678618166),2012-01-01 00:00:00,2.2051,5
POINT(-8.51163271797415 38.5607157725804),2012-01-01 00:00:00,6.63,10
POINT(-8.51163271797415 38.8908636833443),2012-01-01 00:00:00,53.8636,26
POINT(-8.51163271797415 39.2210115941081),2012-01-01 00:00:00,2137.5380,99
POINT(-8.51163271797415 39.5511595048719),2012-01-01 00:00:00,2221.2110,150
POINT(-8.51163271797415 39.8813074156357),2012-01-01 00:00:00,3282.8635,224
POINT(-8.51163271797415 40.2114553263995),2012-01-01 00:00:00,119.1733,210
POINT(-8.51163271797415 40.5416032371634),2012-01-01 00:00:00,4638.43816,638
POINT(-8.51163271797415 40.8717511479272),2012-01-01 00:00:00,1867.55255,1619
POINT(-8.51163271797415 41.201899058691),2012-01-01 00:00:00,1482.1012,2075
POINT(-8.51163271797415 41.5320469694549),2012-01-01 00:00:00,2246.811,778
POINT(-8.51163271797415 41.8621948802187),2012-01-01 00:00:00,1068.944,258
POINT(-8.18148480721032 36.9099762187613),2012-01-01 00:00:00,34.26154,108
POINT(-8.18148480721032 37.2401241295251),2012-01-01 00:00:00,10.1153,24
POINT(-8.18148480721032 37.5702720402889),2012-01-01 00:00:00,0.7001,2
POINT(-8.18148480721032 37.9004199510528),2012-01-01 00:00:00,2,1
POINT(-8.18148480721032 38.2305678618166),2012-01-01 00:00:00,41.82,6
POINT(-8.18148480721032 38.5607157725804),2012-01-01 00:00:00,189.59,7
POINT(-8.18148480721032 38.8908636833443),2012-01-01 00:00:00,983.9704,10
POINT(-8.18148480721032 39.2210115941081),2012-01-01 00:00:00,571.6592,39
POINT(-8.18148480721032 39.5511595048719),2012-01-01 00:00:00,194.3980,70
POINT(-8.18148480721032 39.8813074156357),2012-01-01 00:00:00,549.0100,85
POINT(-8.18148480721032 40.2114553263995),2012-01-01 00:00:00,3983.1858,346
POINT(-8.18148480721032 40.5416032371634),2012-01-01 00:00:00,5447.4832,398
POINT(-8.18148480721032 40.8717511479272),2012-01-01 00:00:00,2441.5419,927
POINT(-8.18148480721032 41.201899058691),2012-01-01 00:00:00,2131.8802,965
POINT(-8.18148480721032 41.5320469694549),2012-01-01 00:00:00,3249.1685,439
POINT(-8.18148480721032 41.8621948802187),2012-01-01 00:00:00,18.73,7
POINT(-7.8513368964465 36.9099762187613),2012-01-01 00:00:00,14.54452,68
POINT(-7.8513368964465 37.2401241295251),2012-01-01 00:00:00,24852.2613,18
POINT(-7.8513368964465 37.5702720402889),2012-01-01 00:00:00,6.1,4
POINT(-7.8513368964465 37.9004199510528),2012-01-01 00:00:00,33.9942,10
POINT(-7.8513368964465 38.2305678618166),2012-01-01 00:00:00,754.01,11
POINT(-7.8513368964465 38.5607157725804),2012-01-01 00:00:00,10.405,4
POINT(-7.8513368964465 38.8908636833443),2012-01-01 00:00:00,0.5195,2
POINT(-7.8513368964465 39.2210115941081),2012-01-01 00:00:00,102.7334,11
POINT(-7.8513368964465 39.5511595048719),2012-01-01 00:00:00,416.2178,52
POINT(-7.8513368964465 39.8813074156357),2012-01-01 00:00:00,715.4609,62
POINT(-7.8513368964465 40.2114553263995),2012-01-01 00:00:00,3249.2241,153
POINT(-7.8513368964465 40.5416032371634),2012-01-01 00:00:00,3574.6611,300
POINT(-7.8513368964465 40.8717511479272),2012-01-01 00:00:00,2068.4375,442
POINT(-7.8513368964465 41.201899058691),2012-01-01 00:00:00,1886.6779,550
POINT(-7.8513368964465 41.5320469694549),2012-01-01 00:00:00,3205.138,429
POINT(-7.8513368964465 41.8621948802187),2012-01-01 00:00:00,8.5125,6
POINT(-7.52118898568267 36.9099762187613),2012-01-01 00:00:00,80.4070,29
POINT(-7.52118898568267 37.2401241295251),2012-01-01 00:00:00,423.292,11
POINT(-7.52118898568267 37.5702720402889),2012-01-01 00:00:00,1.2,1
POINT(-7.52118898568267 37.9004199510528),2012-01-01 00:00:00,0.8,1
POINT(-7.52118898568267 38.2305678618166),2012-01-01 00:00:00,74.39,4
POINT(-7.52118898568267 38.5607157725804),2012-01-01 00:00:00,1.41,4
POINT(-7.52118898568267 38.8908636833443),2012-01-01 00:00:00,13.3081,5
POINT(-7.52118898568267 39.2210115941081),2012-01-01 00:00:00,13.8845,33
POINT(-7.52118898568267 39.5511595048719),2012-01-01 00:00:00,4.71865,30
POINT(-7.52118898568267 39.8813074156357),2012-01-01 00:00:00,553.6655,128
POINT(-7.52118898568267 40.2114553263995),2012-01-01 00:00:00,783.4840,126
POINT(-7.52118898568267 40.5416032371634),2012-01-01 00:00:00,1763.5477,184
POINT(-7.52118898568267 40.8717511479272),2012-01-01 00:00:00,2046.0814,260
POINT(-7.52118898568267 41.201899058691),2012-01-01 00:00:00,1663.4839,267
POINT(-7.52118898568267 41.5320469694549),2012-01-01 00:00:00,725.6848,407
POINT(-7.52118898568267 41.8621948802187),2012-01-01 00:00:00,4,2
POINT(-7.19104107491884 39.5511595048719),2012-01-01 00:00:00,2.5584,3
POINT(-7.19104107491884 39.8813074156357),2012-01-01 00:00:00,463.3578,17
POINT(-7.19104107491884 40.2114553263995),2012-01-01 00:00:00,1210.3312,90
POINT(-7.19104107491884 40.5416032371634),2012-01-01 00:00:00,777.123,58
POINT(-7.19104107491884 40.8717511479272),2012-01-01 00:00:00,2088.3786,150
POINT(-7.19104107491884 41.201899058691),2012-01-01 00:00:00,2497.4977,166
POINT(-7.19104107491884 41.5320469694549),2012-01-01 00:00:00,1452.0692,141
POINT(-7.19104107491884 41.8621948802187),2012-01-01 00:00:00,873.92,37
POINT(-6.86089316415502 40.2114553263995),2012-01-01 00:00:00,16,1
POINT(-6.86089316415502 40.5416032371634),2012-01-01 00:00:00,6.64,3
POINT(-6.86089316415502 40.8717511479272),2012-01-01 00:00:00,266.074,42
POINT(-6.86089316415502 41.201899058691),2012-01-01 00:00:00,22060244.2194,142
POINT(-6.86089316415502 41.5320469694549),2012-01-01 00:00:00,1123.3096,129
POINT(-6.86089316415502 41.8621948802187),2012-01-01 00:00:00,1287.751,50
POINT(-6.53074525339119 41.201899058691),2012-01-01 00:00:00,471.5332,39
POINT(-6.53074525339119 41.5320469694549),2012-01-01 00:00:00,692.2494,56
POINT(-6.53074525339119 41.8621948802187),2012-01-01 00:00:00,0.5,1
