INDICE_PN;INDICE_PN_ANO;ANO;TIPO_VIA;VIA;LATITUDE;LONGITUDE;AC;EXTENSAO_ESPACIAL
1;1;2010;3;A5;38,724187;-9,179855;5;200
2;2;2010;3;A43;41,156648;-8,57164;5;200
3;3;2010;3;A38;38,664573;-9,178131;10;200
4;4;2010;3;A5;38,721093;-9,204628;5;200
5;5;2010;3;A3;41,194045;-8,591273;6;200
6;6;2010;3;A2;38,697326;-9,17884;6;200
7;7;2010;3;A44;41,111557;-8,626455;5;200
8;8;2010;3;A5;38,716791;-9,220328;5;150
9;9;2010;2;EN6;38,692657;-9,292987;5;200
10;10;2010;2;EN378;38,588907;-9,1049;7;100
11;11;2010;3;A28;41,18966;-8,675584;5;200
12;12;2010;2;EN6;38,689394;-9,300601;5;200
13;13;2010;3;A5;38,713843;-9,255724;6;200
14;14;2010;5;IP7;38,744248;-9,165078;6;200
15;15;2010;3;A4;41,198012;-8,588806;6;90
16;16;2010;3;A4;41,198221;-8,586433;6;100
17;17;2010;2;EN231;40,583148;-7,887762;6;200
18;18;2010;5;IP7;38,728831;-9,171843;9;100
19;19;2010;5;IP7;38,725341;-9,173378;6;200
20;20;2010;3;A1;38,868893;-9,072177;9;200
21;21;2010;2;EN17;40,188984;-8,346673;5;200
22;22;2010;3;A4;41,200672;-8,519778;6;150
23;23;2010;2;EN235;40,54306;-8,532928;5;0
24;24;2010;2;EN223;40,926405;-8,507883;7;70
25;25;2010;2;EN223;40,93032;-8,515798;5;100
26;26;2010;3;A23;39,490582;-8,440057;7;200
27;27;2010;2;EN10;38,58195;-9,04163;6;200
28;28;2010;2;EN103;41,522886;-8,597138;5;100
29;29;2010;3;A1;38,970792;-8,981288;5;100
30;30;2010;2;EN3;39,204884;-8,711229;5;0
31;31;2010;3;A28;41,409909;-8,76093;7;200
32;32;2010;3;A3;41,448206;-8,491577;6;150
33;33;2010;2;EN(d)106;41,129537;-8,293914;5;200
34;34;2010;3;A29;40,998965;-8,618672;5;50
35;35;2010;2;EN118;38,949075;-8,828864;5;100
36;36;2010;3;A29;41,029775;-8,624067;5;200
37;37;2010;3;A11;41,44353;-8,329017;6;0
38;38;2010;3;A29;41,063448;-8,641621;7;200
39;39;2010;3;A29;41,07936;-8,634272;9;200
40;40;2010;5;IP3;40,303913;-8,39469;5;160
41;41;2010;5;IP3;40,303477;-8,393282;7;200
42;42;2010;3;A25;40,687154;-8,24939;8;100
43;43;2010;3;A29;41,091247;-8,57479;8;200
44;44;2010;3;A28;41,596618;-8,771507;5;170
45;45;2010;2;EN9;39,094003;-9,349882;5;200
46;46;2010;5;IP3;40,283028;-8,26466;5;180
47;47;2010;5;IP3;40,311333;-8,234167;6;100
48;48;2010;3;A8;39,312656;-9,174929;5;150
49;49;2010;3;A28;41,70306;-8,797041;7;100
50;50;2010;2;EN(d)110;39,70082;-8,359912;5;100
51;51;2010;2;EN118;39,349022;-8,483011;5;135
52;52;2010;2;EN125;37,051344;-7,953706;7;124
53;53;2010;2;EN125;37,030562;-7,948039;6;200
54;54;2010;2;EN125;37,030392;-7,864709;5;100
55;55;2010;4;IC2;39,75345;-8,816544;6;200
56;56;2010;4;IC2;39,844421;-8,708081;5;100
57;57;2010;2;EN4;38,84394;-7,606936;5;100
58;58;2010;2;EN103;41,720991;-7,488804;5;100
59;59;2010;2;EN(d)109;39,787107;-8,826513;7;180
60;60;2010;4;IC2;40,272096;-8,443851;5;180
61;61;2010;4;IC2;40,279327;-8,446188;7;200
62;62;2010;2;EN18;38,800005;-7,67907;6;110
63;63;2010;2;EN1;40,991002;-8,538348;6;150
64;64;2010;2;EN1;41,022635;-8,5547;5;200
65;65;2010;4;IC1;37,440083;-8,322753;7;200
66;66;2010;3;A5;38,725243;-9,186258;5;300
67;67;2010;3;A43;41,155973;-8,572263;6;300
68;68;2010;3;A5;38,721433;-9,203553;5;300
69;69;2010;3;A3;41,194045;-8,591273;6;300
70;70;2010;3;A2;38,696877;-9,17874;8;300
71;71;2010;3;A1;38,806302;-9,104886;5;300
72;72;2010;2;EN202;42,067253;-8,446319;5;230
73;73;2010;5;IP7;38,761014;-9,172626;5;300
74;74;2010;3;A28;41,189439;-8,674414;5;250
75;75;2010;2;EN(d)9;38,753909;-9,389151;5;300
76;76;2010;3;A5;38,713843;-9,255724;8;250
77;77;2010;5;IP7;38,745141;-9,165001;6;300
78;78;2010;3;A4;41,198012;-8,588806;10;290
79;79;2010;5;IP7;38,728831;-9,171843;10;250
80;80;2010;2;EN231;40,57996;-7,907358;5;300
81;81;2010;3;A4;41,201368;-8,559056;5;250
82;82;2010;3;A4;41,201096;-8,551353;5;260
83;83;2010;3;A4;41,201163;-8,520479;7;290
84;84;2010;3;A3;41,304347;-8,533952;5;300
85;85;2010;2;EN15;41,191098;-8,402364;5;220
86;86;2010;2;EN14;41,352607;-8,553974;6;300
87;87;2010;2;EN103;41,522429;-8,600676;5;300
88;88;2010;3;A28;41,409909;-8,76093;6;250
89;89;2010;3;A29;41,029775;-8,624067;6;300
90;90;2010;2;EN105;41,409375;-8,322069;5;300
91;91;2010;2;EN14;41,507741;-8,453497;5;300
92;92;2010;2;EN118;38,981955;-8,807886;5;220
93;93;2010;3;A29;41,062538;-8,641679;6;300
94;94;2010;2;EN(d)13;41,562839;-8,785457;5;300
95;95;2010;5;IP3;40,30383;-8,394483;9;300
96;96;2010;2;EN205;41,630735;-8,379596;5;250
97;97;2010;2;EN103;41,612665;-8,242988;5;300
98;98;2010;5;IP3;40,282836;-8,265375;8;300
99;99;2010;5;IP3;40,311141;-8,234416;7;300
100;100;2010;3;A1;39,354917;-8,641093;5;300
101;101;2010;2;EN101;41,616478;-8,435957;5;240
102;102;2010;4;IC2;39,734364;-8,825035;5;300
103;103;2010;4;IC1;40,916939;-8,608978;5;300
104;104;2010;4;IC2;39,844421;-8,708081;6;250
105;105;2010;4;IC2;40,291266;-8,446133;5;230
106;106;2010;2;EN1;40,991437;-8,538518;7;250
107;107;2010;2;EN1;41,022601;-8,554724;6;300
108;108;2010;3;A5;38,724592;-9,18173;6;400
109;109;2010;2;EN6-3;38,706501;-9,263506;5;400
110;110;2010;3;A38;38,664573;-9,178131;9;400
111;111;2010;2;EN101;42,032527;-8,629675;5;400
112;112;2010;2;EN(d)10-3;38,604463;-9,048452;5;400
113;113;2010;3;A5;38,721093;-9,204628;7;400
114;114;2010;3;A2;38,697326;-9,17884;7;400
115;115;2010;3;A44;41,111116;-8,626443;6;400
116;116;2010;3;A5;38,716791;-9,220328;6;400
117;117;2010;2;EN6;38,693184;-9,292148;6;400
118;118;2010;3;A2;38,669328;-9,172593;5;350
119;119;2010;3;A28;41,189291;-8,673222;6;400
120;120;2010;2;EN(d)9;38,753909;-9,389151;7;400
121;121;2010;3;A1;38,842911;-9,093181;5;350
122;122;2010;3;A5;38,71642;-9,2522;5;400
123;123;2010;3;A5;38,713678;-9,256488;8;300
124;124;2010;5;IP7;38,746832;-9,165727;5;400
125;125;2010;5;IP7;38,744248;-9,165078;5;100
126;126;2010;3;A4;41,198191;-8,587039;12;340
127;127;2010;5;IP7;38,728831;-9,171843;11;400
128;128;2010;2;EN235;40,571587;-8,573687;5;350
129;129;2010;3;A1;38,867035;-9,076108;5;400
130;130;2010;5;IP7;38,72471;-9,174218;8;400
131;131;2010;2;EN8-2;38,85843;-9,210236;5;400
132;132;2010;2;EN14;41,275215;-8,608149;5;400
133;133;2010;3;A4;41,198798;-8,513787;6;390
134;134;2010;3;A3;41,304347;-8,533952;6;330
135;135;2010;2;EN105;41,303756;-8,470975;5;350
136;136;2010;2;EN14;41,348832;-8,555495;5;380
137;137;2010;2;EN3;39,137523;-8,80299;5;400
138;138;2010;2;EN14;41,353534;-8,553525;7;400
139;139;2010;2;EN113;39,653114;-8,619583;7;400
140;140;2010;2;EN103;41,522429;-8,600676;6;400
141;141;2010;2;EN3;39,204884;-8,711229;6;400
142;142;2010;3;A28;41,408998;-8,760706;6;400
143;143;2010;2;EN(d)106;41,128634;-8,294043;6;350
144;144;2010;2;EN8;39,047923;-9,271638;5;380
145;145;2010;2;EN105;41,407887;-8,323346;5;350
146;146;2010;3;A29;41,028884;-8,624137;6;320
147;147;2010;2;EN105;41,410855;-8,319043;6;300
148;148;2010;2;EN118;38,979592;-8,810324;5;400
149;149;2010;2;EN14;41,508655;-8,453004;6;400
150;150;2010;3;A1;39,115803;-8,920346;5;350
151;151;2010;3;A29;41,062538;-8,641679;7;400
152;152;2010;2;EN(d)13;41,562839;-8,785457;6;400
153;153;2010;5;IP3;40,303707;-8,394169;11;400
154;154;2010;2;EN205;41,630953;-8,378463;7;400
155;155;2010;2;EN9;39,093795;-9,35038;5;400
156;156;2010;3;A1;39,209508;-8,782287;5;400
157;157;2010;2;EN121;38,042289;-7,931482;5;400
158;158;2010;3;A22;37,099434;-8,00705;5;350
159;159;2010;2;EN125;37,036716;-7,950037;7;400
160;160;2010;4;IC2;39,738897;-8,820189;5;340
161;161;2010;4;IC2;39,75345;-8,816544;7;370
162;162;2010;5;IP4;41,389617;-7,456939;5;350
163;163;2010;4;IC2;39,997015;-8,600968;5;340
164;164;2010;4;IC2;40,12389;-8,493123;5;350
165;165;2010;2;EN1;40,965523;-8,537667;5;322
166;166;2010;2;EN1;41,002409;-8,548597;5;400
167;167;2010;2;EN1;41,020427;-8,556048;5;352
168;168;2010;2;EN1;41,023515;-8,554426;5;200
169;169;2010;3;A1;41,118173;-8,63286;5;400
170;170;2010;3;A5;38,725019;-9,185144;4;200
171;171;2010;2;EN(d)8-2;39,132639;-9,237575;4;100
172;172;2010;2;EN101;42,032527;-8,629675;4;200
173;173;2010;2;EN(d)10-3;38,604891;-9,048517;4;200
174;174;2010;3;A5;38,721433;-9,203553;4;200
175;175;2010;3;A1;38,806302;-9,104886;4;200
176;176;2010;2;EN202;42,067253;-8,446319;4;130
177;177;2010;3;A1;38,819907;-9,100068;4;100
178;178;2010;3;A5;38,71711;-9,232779;4;150
179;179;2010;5;IP7;38,761014;-9,172626;4;100
180;180;2010;3;A28;41,189439;-8,674414;4;200
181;181;2010;2;EN(d)9;38,753024;-9,389148;4;200
182;182;2010;2;EN255;38,769082;-7,4288;4;20
183;183;2010;3;A8;38,842728;-9,167569;4;200
184;184;2010;3;A4;41,198195;-8,586919;4;50
185;185;2010;2;EN231;40,580269;-7,908776;4;30
186;186;2010;3;A4;41,201096;-8,551353;4;130
187;187;2010;2;EN8-2;38,859518;-9,210018;4;150
188;188;2010;3;A4;41,201273;-8,520664;4;160
189;189;2010;3;A4;41,200342;-8,519305;4;200
190;190;2010;3;A4;41,197597;-8,510216;4;160
191;191;2010;3;A2;38,607182;-9,101818;4;200
192;192;2010;2;EN14;41,306604;-8,5839;4;170
193;193;2010;3;A3;41,304702;-8,532227;4;180
194;194;2010;2;EN9;38,830269;-9,357069;4;150
195;195;2010;2;EN17;40,171288;-8,302046;4;200
196;196;2010;3;A5;38,718969;-9,394079;4;150
197;197;2010;2;EN366;39,107516;-8,864984;4;200
198;198;2010;2;EN14;41,438005;-8,4989;4;160
199;199;2010;3;A1;39,075764;-8,932885;4;200
200;200;2010;2;EN105;41,409375;-8,322069;4;200
201;201;2010;3;A25;40,661338;-8,354307;4;160
202;202;2010;2;EN105;41,411111;-8,318548;4;100
203;203;2010;2;EN14;41,507741;-8,453497;4;100
204;204;2010;2;EN205;41,630735;-8,379596;4;150
205;205;2010;2;EN(d)109;40,69718;-8,552978;4;200
206;206;2010;3;A1;39,209508;-8,782287;4;200
207;207;2010;4;IC8;39,912321;-8,471503;4;100
208;208;2010;3;A22;37,099534;-8,007779;4;200
209;209;2010;2;EN17;40,346445;-7,839229;4;0
210;210;2010;2;EN101;41,617287;-8,433958;4;190
211;211;2010;5;IP3;40,389534;-8,128066;4;100
212;212;2010;4;IC2;39,522529;-8,912993;4;200
213;213;2010;2;EN101;41,499365;-8,40602;4;100
214;214;2010;3;A24;41,103019;-7,774645;4;150
215;215;2010;2;EN125;37,042543;-7,951602;4;200
216;216;2010;2;EN1;39,620876;-8,857277;4;50
217;217;2010;4;IC2;39,739299;-8,819919;4;110
218;218;2010;4;IC1;40,922893;-8,606269;4;200
219;219;2010;4;IC1;40,844757;-8,56803;4;0
220;220;2010;4;IC2;39,998502;-8,59847;4;140
221;221;2010;3;A2;37,193621;-8,225034;4;20
222;222;2010;4;IC2;40,600248;-8,467841;4;200
223;223;2010;2;EN1;40,964849;-8,537575;4;172
224;224;2010;3;A1;41,063228;-8,580027;4;160
225;225;2010;2;EN6-3;38,706501;-9,263506;4;300
226;226;2010;2;EN(d)10-3;38,604463;-9,048452;4;250
227;227;2010;3;A38;38,660919;-9,189269;4;250
228;228;2010;3;A1;38,806712;-9,10465;4;250
229;229;2010;3;A38;38,657978;-9,198279;4;300
230;230;2010;3;A1;38,813102;-9,101895;4;300
231;231;2010;2;EN(d)356;39,684659;-8,917118;4;300
232;232;2010;3;A2;38,669328;-9,172593;4;300
233;233;2010;2;EN231;40,599411;-7,930919;4;300
234;234;2010;3;A28;41,189217;-8,672626;4;300
235;235;2010;3;A28;41,190024;-8,676689;4;100
236;236;2010;3;A1;38,841272;-9,094133;4;250
237;237;2010;3;A4;41,198012;-8,588806;4;300
238;238;2010;2;EN103;41,578619;-8,723943;4;300
239;239;2010;2;EN235;40,571459;-8,573515;4;280
240;240;2010;3;A8;38,900539;-9,201123;4;300
241;241;2010;2;EN223;40,931348;-8,525863;4;300
242;242;2010;2;EN105;41,303756;-8,470975;4;300
243;243;2010;2;EN15;41,187597;-8,378019;4;240
244;244;2010;2;EN3;39,137523;-8,80299;4;260
245;245;2010;2;EN113;39,652781;-8,618573;4;300
246;246;2010;2;EN103;41,522832;-8,591337;4;300
247;247;2010;2;EN106;41,214964;-8,287251;4;300
248;248;2010;2;EN(d)106;41,181981;-8,306549;4;240
249;249;2010;2;EN201;41,769538;-8,594224;4;270
250;250;2010;2;EN8;39,049277;-9,270031;4;250
251;251;2010;2;EN105;41,407442;-8,323435;4;250
252;252;2010;2;EN105;41,409876;-8,321067;4;300
253;253;2010;2;EN(d)13;41,561775;-8,784793;4;250
254;254;2010;2;EN15;41,312518;-8,16841;4;280
255;255;2010;2;EN103;41,622687;-8,215415;4;280
256;256;2010;2;EN121;38,042141;-7,930972;4;300
257;257;2010;4;IC8;39,926983;-8,301669;4;300
258;258;2010;2;EN16;40,736922;-8,001932;4;264
259;259;2010;4;IC2;39,738702;-8,820338;4;300
260;260;2010;5;IP4;41,389617;-7,456939;4;300
261;261;2010;4;IC2;39,794169;-8,746675;4;300
262;262;2010;4;IC2;39,996283;-8,6022;4;300
263;263;2010;2;EN1;41,020035;-8,556332;4;252
264;264;2010;3;A1;41,118839;-8,633743;4;280
265;265;2010;3;A38;38,663702;-9,180786;4;300
266;266;2010;3;A38;38,660401;-9,190861;4;400
267;267;2010;4;IC3;38,562602;-8,867398;4;350
268;268;2010;3;A5;38,718195;-9,214281;4;400
269;269;2010;3;A37;38,747497;-9,241131;4;400
270;270;2010;4;IC21;38,628071;-9,037769;4;400
271;271;2010;3;A28;41,188999;-8,67084;4;400
272;272;2010;2;EN256;38,458431;-7,678854;4;310
273;273;2010;3;A4;41,198012;-8,588806;4;400
274;274;2010;2;EN13;41,25073;-8,650521;4;400
275;275;2010;3;A3;41,245403;-8,565733;4;400
276;276;2010;2;EN104;41,340559;-8,624825;4;360
277;277;2010;3;A5;38,713485;-9,300873;4;400
278;278;2010;3;A1;38,88016;-9,062866;4;400
279;279;2010;3;A1;38,887569;-9,054666;4;400
280;280;2010;3;A5;38,707991;-9,330236;4;350
281;281;2010;3;A4;41,198891;-8,514491;4;360
282;282;2010;2;EN101;42,067445;-8,496218;4;390
283;283;2010;2;EN10;38,59409;-9,047612;4;400
284;284;2010;2;EN9;38,829396;-9,357268;4;400
285;285;2010;3;A23;39,490221;-8,441125;4;310
286;286;2010;2;EN106;41,254066;-8,296412;4;380
287;287;2010;2;EN15;41,187597;-8,378019;4;400
288;288;2010;2;EN103;41,522886;-8,597138;4;400
289;289;2010;2;EN234;40,382858;-8,444654;4;400
290;290;2010;2;EN(d)113;39,659929;-8,542811;4;340
291;291;2010;4;IC2;39,254323;-8,95216;4;400
292;292;2010;2;EN118;38,967434;-8,817372;4;400
293;293;2010;2;EN118;38,97924;-8,810313;4;340
294;294;2010;5;IP3;40,272409;-8,443783;4;350
295;295;2010;3;A29;41,079044;-8,635356;4;370
296;296;2010;3;A29;41,079453;-8,633971;6;100
297;297;2010;2;EN15;41,297659;-8,112884;4;390
298;298;2010;2;EN395;37,117033;-8,247243;4;400
299;299;2010;2;EN229;40,72499;-7,804461;4;350
300;300;2010;2;EN16;40,738079;-8,005096;4;400
301;301;2010;2;EN229;40,679339;-7,883524;4;400
302;302;2010;4;IC2;40,21859;-8,438749;4;400
303;303;2010;3;A1;40,316228;-8,489865;4;350
304;304;2010;4;IC2;40,393539;-8,450788;4;350
305;305;2010;3;A43;41,155433;-8,572407;5;200
306;306;2010;2;EN(d)9;38,75454;-9,388936;5;200
307;307;2010;2;EN14;41,288847;-8,601561;5;150
308;308;2010;2;EN8;38,902496;-9,21929;5;200
309;309;2010;2;EN14;41,353376;-8,553602;5;200
310;310;2010;2;EN113;39,653446;-8,619952;5;200
311;311;2010;3;A41;41,230241;-8,456308;5;0
312;312;2010;3;A7;41,429389;-8,337894;6;0
313;313;2010;3;A29;41,077078;-8,639097;6;70
314;314;2010;5;IP3;40,303549;-8,393622;5;100
315;315;2010;5;IP3;40,282745;-8,26638;6;200
316;316;2010;3;A28;41,74002;-8,791775;5;200
317;317;2010;3;A5;38,724834;-9,184008;11;800
318;318;2010;3;A38;38,664573;-9,178131;12;450
319;319;2010;3;A5;38,720772;-9,20568;6;400
320;320;2010;3;A3;41,194045;-8,591273;7;350
321;321;2010;3;A5;38,713603;-9,257062;12;650
322;322;2010;5;IP7;38,72471;-9,174218;9;450
323;323;2010;3;A4;41,200672;-8,519778;7;300
324;324;2010;3;A29;41,030667;-8,62426;6;350
325;325;2010;5;IP3;40,303549;-8,393622;12;410
326;326;2010;2;EN125;37,036271;-7,950106;9;500
327;327;2010;2;EN1;41,024587;-8,55419;9;650
328;1;2011;3;A5;38,724665;-9,182307;5;150
329;2;2011;3;A5;38,724728;-9,182876;5;200
330;3;2011;3;A28;41,157171;-8,646316;5;100
331;4;2011;3;A28;41,165165;-8,645858;5;200
332;5;2011;3;A43;41,158719;-8,563118;7;70
333;6;2011;3;A5;38,71673;-9,220898;6;200
334;7;2011;2;EN6;38,698551;-9,274115;5;200
335;8;2011;3;A5;38,716423;-9,223743;5;200
336;9;2011;3;A5;38,716243;-9,227177;5;200
337;10;2011;5;IP7;38,761869;-9,172744;5;200
338;11;2011;3;A28;41,189149;-8,672024;5;200
339;12;2011;3;A5;38,713598;-9,261071;5;100
340;13;2011;3;A4;41,198012;-8,588806;6;0
341;14;2011;3;A20;41,149419;-8,578954;13;200
342;15;2011;5;IP7;38,723394;-9,175805;6;200
343;16;2011;3;A20;41,163362;-8,581331;7;200
344;17;2011;3;A20;41,168677;-8,589849;5;200
345;18;2011;3;A20;41,171563;-8,594428;6;0
346;19;2011;3;A20;41,17184;-8,595563;11;200
347;20;2011;3;A20;41,171202;-8,600225;9;0
348;21;2011;2;EN15;41,185063;-8,437807;5;50
349;22;2011;3;A20;41,171545;-8,634179;7;200
350;23;2011;2;EN(d)13;41,316598;-8,710055;6;50
351;24;2011;2;EN3;39,13567;-8,804161;6;130
352;25;2011;2;EN(d)106;41,171603;-8,305391;5;150
353;26;2011;2;EN3;39,207086;-8,708439;6;200
354;27;2011;3;A28;41,409909;-8,76093;7;170
355;28;2011;3;A3;41,44799;-8,491794;5;150
356;29;2011;2;EN15;41,22531;-8,235601;5;170
357;30;2011;3;A7;41,429389;-8,337894;19;80
358;31;2011;2;EN(d)13;41,546046;-8,782449;5;100
359;32;2011;2;EN(d)13;41,556381;-8,783263;5;200
360;33;2011;2;EN(d)13;41,610338;-8,779376;5;150
361;34;2011;2;EN125;37,051344;-7,953706;6;200
362;35;2011;2;EN234;40,569379;-7,814488;5;200
363;36;2011;2;EN125;37,028369;-7,874469;5;100
364;37;2011;4;IC2;39,764131;-8,782492;5;180
365;38;2011;4;IC2;39,788931;-8,748418;7;150
366;39;2011;4;IC2;39,826701;-8,723461;6;150
367;40;2011;4;IC2;40,132551;-8,474681;5;80
368;41;2011;2;EN1;40,99303;-8,539008;5;200
369;42;2011;2;EN2;37,08914;-7,911939;6;200
370;43;2011;3;A5;38,724494;-9,181179;6;300
371;44;2011;3;A5;38,724834;-9,184008;7;300
372;45;2011;2;EN243;39,618557;-8,846184;5;220
373;46;2011;3;A38;38,664747;-9,1776;6;300
374;47;2011;3;A43;41,155885;-8,572302;6;300
375;48;2011;3;A5;38,722542;-9,200408;5;300
376;49;2011;2;EN(d)10-3;38,608636;-9,04756;5;300
377;50;2011;3;A43;41,158731;-8,563695;7;300
378;51;2011;3;A3;41,193928;-8,591361;5;230
379;52;2011;3;A3;41,194092;-8,591237;5;250
380;53;2011;2;EN8-2;38,812705;-9,156049;5;300
381;54;2011;3;A5;38,71673;-9,220898;7;300
382;55;2011;2;EN6;38,697983;-9,271992;6;300
383;56;2011;3;A2;38,681775;-9,175393;5;300
384;57;2011;3;A5;38,716257;-9,227751;6;300
385;58;2011;2;EN6;38,69699;-9,28577;5;300
386;59;2011;3;A28;41,188999;-8,67084;5;300
387;60;2011;3;A5;38,716797;-9,25189;5;250
388;61;2011;3;A5;38,713598;-9,261071;6;250
389;62;2011;2;EN13;41,244733;-8,648421;6;300
390;63;2011;3;A4;41,198012;-8,588806;7;300
391;64;2011;2;EN235;40,581056;-8,586961;5;220
392;65;2011;3;A20;41,14898;-8,579125;7;300
393;66;2011;3;A20;41,149874;-8,578897;8;150
394;67;2011;5;IP7;38,723394;-9,175805;7;300
395;68;2011;2;EN15;41,185136;-8,437673;6;300
396;69;2011;2;EN(d)13;41,288;-8,682424;5;230
397;70;2011;3;A20;41,17302;-8,626436;5;300
398;71;2011;3;A20;41,171545;-8,634179;8;300
399;72;2011;2;EN223;40,931435;-8,526515;5;300
400;73;2011;2;EN3;39,13567;-8,804161;8;280
401;74;2011;2;EN14;41,354927;-8,552861;5;300
402;75;2011;2;EN15;41,202797;-8,317613;5;250
403;76;2011;2;EN(d)106;41,171782;-8,305395;6;230
404;77;2011;4;IC2;39,253197;-8,952221;5;250
405;78;2011;3;A28;41,408998;-8,760706;5;300
406;79;2011;3;A29;40,992759;-8,615338;5;300
407;80;2011;2;EN118;38,978252;-8,8121;5;300
408;81;2011;2;EN(d)13;41,557283;-8,783338;6;250
409;82;2011;5;IP3;40,303549;-8,393622;6;300
410;83;2011;2;EN109;40,689551;-8,556288;5;300
411;84;2011;2;EN109;40,683558;-8,569236;5;300
412;85;2011;2;EN9;39,091652;-9,339533;5;270
413;86;2011;2;EN125;37,057625;-7,961128;9;300
414;87;2011;4;IC2;39,764361;-8,781986;6;300
415;88;2011;4;IC2;39,826701;-8,723461;7;250
416;89;2011;2;EN(d)10;38,843409;-9,080554;5;300
417;90;2011;4;IC2;40,763832;-8,482679;5;270
418;91;2011;2;EN1;40,992754;-8,538911;6;260
419;92;2011;3;A1;41,113675;-8,619547;5;300
420;93;2011;3;A5;38,724592;-9,18173;5;400
421;94;2011;3;A5;38,724556;-9,181514;7;350
422;95;2011;2;EN6-3;38,70574;-9,262907;6;400
423;96;2011;3;A38;38,664747;-9,1776;7;400
424;97;2011;3;A43;41,157932;-8,569884;7;350
425;98;2011;3;A43;41,158731;-8,563695;9;390
426;99;2011;3;A38;38,661441;-9,187679;5;400
427;100;2011;3;A2;38,694265;-9,178156;5;350
428;101;2011;3;A5;38,716857;-9,21976;5;400
429;102;2011;3;A5;38,716482;-9,223173;7;200
430;103;2011;3;A5;38,716244;-9,226603;5;200
431;104;2011;3;A5;38,716285;-9,225456;6;380
432;105;2011;3;A2;38,681775;-9,175393;6;350
433;106;2011;2;EN6;38,69699;-9,28577;6;400
434;107;2011;5;IP7;38,761014;-9,172626;6;400
435;108;2011;3;A28;41,188999;-8,67084;6;400
436;109;2011;3;A5;38,717558;-9,251266;5;400
437;110;2011;5;IP7;38,744248;-9,165078;5;400
438;111;2011;2;EN235;40,581056;-8,586961;5;370
439;112;2011;3;A20;41,14898;-8,579125;14;400
440;113;2011;2;EN6;38,677419;-9,320314;5;400
441;114;2011;5;IP7;38,72471;-9,174218;8;400
442;115;2011;3;A20;41,168677;-8,589849;7;400
443;116;2011;3;A20;41,17184;-8,595563;8;400
444;117;2011;3;A20;41,171202;-8,600225;13;300
445;118;2011;2;EN15;41,18493;-8,438042;7;350
446;119;2011;2;EN101;42,067377;-8,497122;5;380
447;120;2011;3;A20;41,171545;-8,634179;10;400
448;121;2011;2;EN223;40,927959;-8,509826;5;400
449;122;2011;2;EN14;41,353534;-8,553525;5;400
450;123;2011;2;EN11;38,650403;-8,999261;7;400
451;124;2011;2;EN15;41,202797;-8,317613;6;400
452;125;2011;2;EN15;41,19376;-8,303492;5;400
453;126;2011;2;EN(d)106;41,173417;-8,305944;6;400
454;127;2011;4;IC2;39,253652;-8,952197;6;350
455;128;2011;3;A28;41,408998;-8,760706;7;400
456;129;2011;2;EN118;38,976527;-8,813937;6;400
457;130;2011;3;A29;41,063448;-8,641621;5;400
458;131;2011;2;EN15;41,295113;-8,191327;5;350
459;132;2011;2;EN247;38,984609;-9,418051;5;350
460;133;2011;2;EN15;41,315261;-8,139755;5;400
461;134;2011;2;EN201;41,635902;-8,476547;5;350
462;135;2011;2;EN109;40,689513;-8,556293;6;400
463;136;2011;2;EN229;40,756234;-7,659256;5;320
464;137;2011;2;EN125;37,057315;-7,960711;10;400
465;138;2011;2;EN125;37,028369;-7,874469;6;400
466;139;2011;4;IC2;39,771899;-8,767078;5;370
467;140;2011;4;IC2;39,826701;-8,723461;8;350
468;141;2011;4;IC2;40,132502;-8,474732;6;400
469;142;2011;4;IC2;40,76366;-8,482749;5;360
470;143;2011;2;EN1;40,951794;-8,51895;5;310
471;144;2011;2;EN1;40,993282;-8,539066;7;380
472;145;2011;2;EN1;41,000043;-8,542124;5;350
473;146;2011;2;EN1;41,014704;-8,556943;5;350
474;147;2011;2;EN1;41,020241;-8,556185;5;400
475;148;2011;2;EN1;41,028244;-8,55621;6;400
476;149;2011;2;EN18;38,167595;-7,821958;5;330
477;150;2011;2;EN202;42,068665;-8,478817;4;0
478;151;2011;3;A44;41,088441;-8,630717;4;200
479;152;2011;2;EN6;38,696571;-9,286517;4;200
480;153;2011;3;A5;38,716797;-9,25189;4;200
481;154;2011;4;IC21;38,642795;-9,049124;4;190
482;155;2011;3;A5;38,713587;-9,260499;4;200
483;156;2011;3;A5;38,71478;-9,281519;4;150
484;157;2011;3;A3;41,289716;-8,550335;4;190
485;158;2011;3;A20;41,17302;-8,626436;4;100
486;159;2011;3;A20;41,172226;-8,630873;4;200
487;160;2011;3;A20;41,171545;-8,634179;6;0
488;161;2011;2;EN17;40,171317;-8,301816;4;100
489;162;2011;2;EN223;40,931461;-8,526701;4;200
490;163;2011;2;EN15;41,19139;-8,384856;4;160
491;164;2011;3;A7;41,385609;-8,517735;4;0
492;165;2011;2;EN14;41,354927;-8,552861;4;200
493;166;2011;2;EN202;42,109988;-8,271334;4;150
494;167;2011;2;EN11;38,653136;-9,023255;4;150
495;168;2011;2;EN15;41,202797;-8,317613;4;150
496;169;2011;3;A28;41,408998;-8,760706;4;150
497;170;2011;2;EN327;40,818595;-8,669745;4;20
498;171;2011;2;EN(d)221;41,337564;-6,653171;4;100
499;172;2011;3;A29;41,036895;-8,628287;4;200
500;173;2011;2;EN15;41,295113;-8,191327;4;200
501;174;2011;2;EN15;41,315957;-8,141798;4;200
502;175;2011;2;EN10;38,569116;-8,755976;4;200
503;176;2011;2;EN201;41,635722;-8,476158;4;110
504;177;2011;2;EN109;40,689681;-8,556218;4;0
505;178;2011;2;EN109;40,683849;-8,567562;4;0
506;179;2011;2;EN213;41,441598;-7,170429;4;150
507;180;2011;2;EN9;39,091652;-9,339533;4;200
508;181;2011;3;A28;41,70306;-8,797041;4;150
509;182;2011;2;EN101;41,499559;-8,40548;4;150
510;183;2011;2;EN125;37,049613;-7,953046;4;150
511;184;2011;4;IC2;39,771899;-8,767078;4;70
512;185;2011;2;EN114;38,757636;-8,354325;4;104
513;186;2011;4;IC2;40,763832;-8,482679;4;170
514;187;2011;2;EN1;40,951953;-8,520017;4;125
515;188;2011;3;A38;38,663007;-9,18291;4;210
516;189;2011;3;A38;38,661093;-9,188739;4;250
517;190;2011;2;EN243;39,59792;-8,826219;4;300
518;191;2011;3;A5;38,717558;-9,251266;4;300
519;192;2011;3;A1;38,842104;-9,093694;4;300
520;193;2011;2;EN6;38,677419;-9,320314;4;300
521;194;2011;3;A4;41,20107;-8,553441;4;250
522;195;2011;2;EN101;42,067377;-8,497122;4;250
523;196;2011;2;EN10;38,53938;-9,026006;4;300
524;197;2011;3;A28;41,365496;-8,722811;4;260
525;198;2011;2;EN15;41,19376;-8,303492;4;270
526;199;2011;2;EN(d)106;41,134951;-8,293754;4;300
527;200;2011;3;A1;39,077114;-8,932747;4;300
528;201;2011;2;EN118;38,948144;-8,829425;4;280
529;202;2011;2;EN8;39,069206;-9,241785;4;240
530;203;2011;5;IP3;40,272837;-8,442117;4;300
531;204;2011;2;EN15;41,294379;-8,192004;4;300
532;205;2011;2;EN201;41,635902;-8,476547;4;300
533;206;2011;2;EN125;37,02625;-7,897482;4;300
534;207;2011;2;EN125;37,030422;-7,865013;4;250
535;208;2011;5;IP2;39,542352;-7,79685;4;240
536;209;2011;4;IC2;40,763523;-8,482803;4;230
537;210;2011;2;EN1;40,951761;-8,518704;4;270
538;211;2011;2;EN1;40,999698;-8,541604;4;234
539;212;2011;2;EN1;41,014339;-8,55685;4;268
540;213;2011;2;EN18;38,167397;-7,822094;4;280
541;214;2011;3;A38;38,661093;-9,188739;5;400
542;215;2011;3;A44;41,113756;-8,626401;4;400
543;216;2011;2;EN14;41,209244;-8,627247;4;400
544;217;2011;5;IP7;38,769235;-9,169131;4;350
545;218;2011;3;A36;38,73458;-9,207469;4;350
546;219;2011;3;A2;38,655943;-9,169643;4;350
547;220;2011;3;A5;38,715181;-9,266984;4;400
548;221;2011;2;EN235;40,570881;-8,572585;4;400
549;222;2011;3;A1;38,869472;-9,071299;4;400
550;223;2011;3;A2;38,628864;-9,141636;4;400
551;224;2011;2;EN101;42,067278;-8,498477;4;390
552;225;2011;3;A5;38,718313;-9,363558;4;400
553;226;2011;2;EN14;41,350261;-8,554986;4;400
554;227;2011;2;EN14;41,360146;-8,548405;4;400
555;228;2011;2;EN103;41,522886;-8,597138;4;350
556;229;2011;2;EN105;41,355711;-8,447264;4;350
557;230;2011;2;EN103;41,53339;-8,513424;4;350
558;231;2011;2;EN(d)106;41,135851;-8,293763;4;350
559;232;2011;2;EN(d)13;41,462323;-8,74865;4;330
560;233;2011;2;EN(d)106;41,12322;-8,294786;4;320
561;234;2011;2;EN14;41,464708;-8,491637;4;360
562;235;2011;2;EN(d)13;41,479711;-8,746903;4;320
563;236;2011;3;A29;41,036383;-8,627705;4;380
564;237;2011;5;IP3;40,272778;-8,442338;4;320
565;238;2011;2;EN101;41,626742;-8,433324;4;390
566;239;2011;2;EN101;41,609572;-8,45737;4;320
567;240;2011;2;EN16;40,650006;-7,878414;4;400
568;241;2011;2;EN13;42,002165;-8,637672;4;400
569;242;2011;4;IC2;39,799048;-8,745379;4;400
570;243;2011;4;IC2;40,75808;-8,484989;4;350
571;244;2011;2;EN1;41,013604;-8,556657;4;400
572;245;2011;3;A1;41,11319;-8,617236;4;400
573;246;2011;2;EN6-3;38,70574;-9,262907;5;100
574;247;2011;2;EN14;41,183067;-8,622644;5;200
575;248;2011;3;A25;40,641284;-8,66202;6;180
576;249;2011;2;EN103;41,568712;-8,675679;5;190
577;250;2011;2;EN234;40,399063;-8,179722;5;100
578;251;2011;2;EN234;40,536913;-7,85961;5;200
579;252;2011;3;A5;38,725019;-9,185144;12;800
580;253;2011;3;A5;38,716285;-9,225456;20;1200
581;254;2011;5;IP7;38,761014;-9,172626;7;500
582;255;2011;3;A20;41,149874;-8,578897;15;400
583;256;2011;3;A20;41,168677;-8,589849;6;400
584;257;2011;2;EN1;40,993934;-8,539243;7;400
585;1;2012;3;A3;41,173867;-8,594471;6;20
586;2;2012;3;A5;38,725559;-9,188518;6;200
587;3;2012;3;A3;41,185306;-8,594061;5;150
588;4;2012;3;A38;38,664573;-9,178131;5;100
589;5;2012;3;A5;38,723302;-9,198334;5;200
590;6;2012;3;A28;41,165165;-8,645858;6;100
591;7;2012;3;A1;38,799798;-9,108844;5;200
592;8;2012;3;A3;41,192813;-8,591985;6;200
593;9;2012;3;A2;38,696877;-9,17874;5;150
594;10;2012;3;A5;38,71673;-9,220898;6;180
595;11;2012;3;A5;38,716372;-9,224323;7;200
596;12;2012;3;A8;38,842728;-9,167569;6;100
597;13;2012;3;A44;41,134882;-8,583107;5;100
598;14;2012;5;IP7;38,72471;-9,174218;8;200
599;15;2012;3;A36;38,775512;-9,196558;5;200
600;16;2012;3;A20;41,163362;-8,581331;5;100
601;17;2012;3;A20;41,166614;-8,584809;8;200
602;18;2012;2;EN15;41,185136;-8,437673;7;170
603;19;2012;2;EN1;38,967838;-8,982739;6;200
604;20;2012;2;EN15;41,193744;-8,302252;5;200
605;21;2012;2;EN310;41,386361;-8,403585;6;50
606;22;2012;3;A7;41,429389;-8,337894;10;50
607;23;2012;3;A28;41,703439;-8,79736;5;100
608;24;2012;2;EN(d)3;39,47292;-8,371358;6;200
609;25;2012;3;A24;41,103289;-7,774585;7;150
610;26;2012;2;EN101;41,499559;-8,40548;5;50
611;27;2012;2;EN16;40,636641;-7,836756;7;200
612;28;2012;4;IC2;39,67052;-8,846163;10;200
613;29;2012;2;EN10;38,904969;-9,034296;5;200
614;30;2012;4;IC2;39,772403;-8,766578;6;200
615;31;2012;2;EN10;38,900057;-9,036914;5;100
616;32;2012;4;IC2;39,788931;-8,748418;7;100
617;33;2012;4;IC2;40,288602;-8,446093;5;190
618;34;2012;2;EN2;37,051065;-7,926974;6;200
619;35;2012;3;A3;41,173867;-8,594471;7;270
620;36;2012;3;A5;38,725586;-9,189669;8;300
621;37;2012;2;EN14;41,184707;-8,623665;5;300
622;38;2012;3;A28;41,161454;-8,649306;5;300
623;39;2012;3;A38;38,664573;-9,178131;6;300
624;40;2012;3;A1;38,799798;-9,108844;6;300
625;41;2012;3;A3;41,194045;-8,591273;7;220
626;42;2012;3;A2;38,697776;-9,178939;5;300
627;43;2012;2;EN6;38,700328;-9,262035;7;300
628;44;2012;3;A5;38,71673;-9,220898;7;280
629;45;2012;2;EN6;38,697983;-9,271992;5;300
630;46;2012;3;A5;38,716372;-9,224323;8;300
631;47;2012;2;EN6;38,697308;-9,28395;5;300
632;48;2012;3;A37;38,748261;-9,256458;6;300
633;49;2012;3;A2;38,672126;-9,173205;5;300
634;50;2012;3;A5;38,714144;-9,254893;6;250
635;51;2012;2;EN6;38,685744;-9,30708;6;300
636;52;2012;5;IP7;38,743439;-9,16556;5;250
637;53;2012;3;A5;38,713616;-9,261644;7;300
638;54;2012;3;A20;41,144841;-8,581049;6;300
639;55;2012;3;A37;38,765912;-9,301428;6;300
640;56;2012;5;IP7;38,723394;-9,175805;10;300
641;57;2012;2;EN10;38,608582;-9,082323;6;250
642;58;2012;3;A4;41,203279;-8,527266;5;220
643;59;2012;2;EN1;38,967838;-8,982739;7;300
644;60;2012;2;EN3;39,176397;-8,764396;5;300
645;61;2012;2;EN15;41,19376;-8,303492;6;250
646;62;2012;2;EN(d)106;41,180677;-8,306318;5;300
647;63;2012;3;A28;41,410837;-8,760947;5;230
648;64;2012;2;EN103;41,529922;-8,484477;5;280
649;65;2012;2;EN122;37,554201;-7,653946;5;300
650;66;2012;2;EN234;40,537905;-7,858306;6;280
651;67;2012;2;EN101;41,499559;-8,40548;5;290
652;68;2012;2;EN10;38,905627;-9,033539;5;300
653;69;2012;4;IC2;39,771684;-8,767291;5;300
654;70;2012;2;EN10;38,886002;-9,047336;6;300
655;71;2012;2;EN10;38,868368;-9,058137;5;300
656;72;2012;2;EN(d)10;38,80989;-9,094324;5;300
657;73;2012;2;EN1;40,974788;-8,535638;6;284
658;74;2012;2;EN1;41,039353;-8,559923;5;300
659;75;2012;2;EN1;41,061983;-8,569483;5;300
660;76;2012;3;A5;38,725559;-9,188518;5;400
661;77;2012;2;EN14;41,183895;-8,623131;5;400
662;78;2012;3;A5;38,723302;-9,198334;6;400
663;79;2012;3;A2;38,697776;-9,178939;8;400
664;80;2012;2;EN6;38,699991;-9,259949;7;400
665;81;2012;2;EN6;38,698213;-9,271003;7;400
666;82;2012;3;A5;38,716423;-9,223743;6;400
667;83;2012;3;A5;38,716244;-9,226603;5;200
668;84;2012;3;A2;38,657894;-9,170059;5;400
669;85;2012;3;A5;38,714652;-9,253945;7;400
670;86;2012;3;A5;38,713587;-9,260499;7;400
671;87;2012;5;IP7;38,743439;-9,16556;7;400
672;88;2012;3;A20;41,151558;-8,579743;5;400
673;89;2012;3;A37;38,765912;-9,301428;7;400
674;90;2012;3;A20;41,163362;-8,581331;6;400
675;91;2012;3;A20;41,166614;-8,584809;5;100
676;92;2012;3;A20;41,171017;-8,593482;6;400
677;93;2012;2;EN15;41,185007;-8,437913;8;390
678;94;2012;2;EN252;38,555037;-8,885838;5;400
679;95;2012;3;A28;41,306086;-8,696856;5;350
680;96;2012;2;EN103;41,522886;-8,597138;5;400
681;97;2012;2;EN1;38,965457;-8,98368;5;400
682;98;2012;2;EN1;38,967838;-8,982739;6;200
683;99;2012;2;EN(d)106;41,181981;-8,306549;5;400
684;100;2012;2;EN(d)106;41,175743;-8,306295;5;400
685;101;2012;2;EN310;41,386723;-8,398491;8;350
686;102;2012;4;IC2;39,262496;-8,949198;7;376
687;103;2012;2;EN103;41,53255;-8,492314;5;380
688;104;2012;2;EN15;41,220749;-8,244313;6;340
689;105;2012;4;IC2;39,406451;-8,961736;5;390
690;106;2012;2;EN101;41,499559;-8,40548;6;340
691;107;2012;4;IC2;39,67052;-8,846163;11;400
692;108;2012;4;IC2;39,679869;-8,846492;5;350
693;109;2012;2;EN10;38,948379;-8,964519;5;400
694;110;2012;2;EN10;38,905627;-9,033539;6;400
695;111;2012;4;IC2;39,772403;-8,766578;7;400
696;112;2012;2;EN10;38,899225;-9,037334;6;400
697;113;2012;2;EN10;38,88584;-9,047937;7;400
698;114;2012;4;IC2;39,788931;-8,748418;7;400
699;115;2012;2;EN10;38,876218;-9,052658;5;400
700;116;2012;2;EN10;38,870323;-9,056756;5;400
701;117;2012;2;EN(d)10;38,80989;-9,094324;6;400
702;118;2012;4;IC2;39,867221;-8,695265;5;340
703;119;2012;2;EN1;41,03932;-8,559876;6;400
704;120;2012;2;EN14;41,183895;-8,623131;4;200
705;121;2012;2;EN10-1;38,662336;-9,158489;4;20
706;122;2012;3;A28;41,189149;-8,672024;4;20
707;123;2012;2;EN6;38,685387;-9,309315;4;200
708;124;2012;3;A5;38,713925;-9,263916;4;200
709;125;2012;3;A37;38,765932;-9,302588;4;100
710;126;2012;2;EN379-2;38,642879;-8,972394;4;100
711;127;2012;2;EN231;40,579904;-7,89293;4;200
712;128;2012;2;EN109;41,040193;-8,647285;4;100
713;129;2012;3;A4;41,203279;-8,527266;4;120
714;130;2012;3;A20;41,169433;-8,639056;4;0
715;131;2012;2;EN252;38,551903;-8,885853;4;150
716;132;2012;3;A8;38,925602;-9,217048;4;50
717;133;2012;3;A5;38,718061;-9,392128;4;100
718;134;2012;3;A28;41,306086;-8,696856;4;200
719;135;2012;2;EN3;39,136042;-8,803118;4;120
720;136;2012;3;A3;41,353927;-8,506464;4;140
721;137;2012;3;A28;41,410466;-8,760964;4;130
722;138;2012;2;EN118;38,937059;-8,86544;4;150
723;139;2012;2;EN103;41,529922;-8,484477;4;180
724;140;2012;2;EN114;39,272812;-8,829209;4;50
725;141;2012;2;EN10;38,948728;-8,9656;4;200
726;142;2012;2;EN10;38,875322;-9,05283;4;200
727;143;2012;2;EN10;38,868775;-9,057898;4;200
728;144;2012;4;IC2;40,037405;-8,558514;4;130
729;145;2012;4;IC2;40,743758;-8,490553;4;100
730;146;2012;2;EN1;41,003915;-8,550481;4;79
731;147;2012;2;EN1;41,039225;-8,559752;4;100
732;148;2012;2;EN1;41,04448;-8,563933;4;160
733;149;2012;3;A5;38,725559;-9,188518;4;250
734;150;2012;3;A2;38,69508;-9,178336;4;200
735;151;2012;5;IP7;38,758326;-9,172297;4;300
736;152;2012;3;A2;38,666066;-9,171851;4;250
737;153;2012;2;EN13;41,243859;-8,648476;4;300
738;154;2012;5;IP7;38,742224;-9,167289;4;300
739;155;2012;3;A36;38,784787;-9,176785;4;300
740;156;2012;3;A4;41,197096;-8,507821;4;220
741;157;2012;2;EN252;38,555037;-8,885838;4;300
742;158;2012;2;EN14;41,354927;-8,552861;4;300
743;159;2012;2;EN103;41,522886;-8,597138;4;250
744;160;2012;2;EN1;38,964671;-8,984021;4;300
745;161;2012;2;EN1;38,967838;-8,982739;5;100
746;162;2012;3;A7;41,409224;-8,37563;4;280
747;163;2012;2;EN14;41,463519;-8,49269;4;300
748;164;2012;2;EN9;39,09182;-9,300519;4;300
749;165;2012;4;IC2;39,406137;-8,961688;4;300
750;166;2012;2;EN101;41,51318;-8,420194;4;270
751;167;2012;4;IC2;39,867221;-8,695265;4;290
752;168;2012;2;EN1;41,03954;-8,560176;4;300
753;169;2012;3;A1;41,093967;-8,589247;4;300
754;170;2012;3;A1;41,143705;-8,639425;4;300
755;171;2012;3;A5;38,725243;-9,186258;4;400
756;172;2012;3;A37;38,747635;-9,263033;4;400
757;173;2012;2;EN234;40,398609;-8,668649;4;350
758;174;2012;3;A5;38,713925;-9,263916;4;400
759;175;2012;2;EN235;40,560551;-8,563058;4;400
760;176;2012;2;EN103;41,568512;-8,676837;4;320
761;177;2012;2;EN8-2;38,875152;-9,209647;4;360
762;178;2012;3;A1;38,932901;-9,007249;4;400
763;179;2012;2;EN1;38,967838;-8,982739;4;0
764;180;2012;2;EN(d)13;41,430371;-8,760698;4;400
765;181;2012;2;EN(d)106;41,144804;-8,296011;4;400
766;182;2012;3;A1;39,098329;-8,933757;4;400
767;183;2012;2;EN15;41,311036;-8,1729;4;400
768;184;2012;2;EN103;41,592632;-8,285992;4;400
769;185;2012;2;EN304;41,40918;-7,966908;4;350
770;186;2012;2;EN10;38,866755;-9,059001;4;300
771;187;2012;2;EN4;38,836088;-7,573191;4;350
772;188;2012;4;IC2;39,996283;-8,6022;4;400
773;189;2012;2;EN1;40,943224;-8,508797;4;322
774;190;2012;2;EN1;41,021028;-8,555616;4;400
775;191;2012;2;EN2;37,043135;-7,929107;4;400
776;192;2012;2;EN6;38,699991;-9,259949;6;200
777;193;2012;3;A37;38,748261;-9,256458;5;200
778;194;2012;2;EN(d)12;41,179212;-8,631724;6;200
779;195;2012;3;A4;41,198012;-8,588806;6;100
780;196;2012;3;A20;41,145724;-8,58106;5;100
781;197;2012;5;IP7;38,731638;-9,169199;5;100
782;198;2012;3;A20;41,171017;-8,593482;5;200
783;199;2012;2;EN10;38,608558;-9,082776;5;150
784;200;2012;2;EN14;41,514199;-8,450058;5;200
785;201;2012;2;EN16;40,610231;-7,700682;5;200
786;202;2012;4;IC2;40,505124;-8,445082;5;190
787;203;2012;2;EN1;40,975323;-8,535687;5;165
788;204;2012;3;A1;41,079465;-8,581658;5;100
789;205;2012;3;A5;38,722923;-9,199367;7;500
790;206;2012;3;A1;38,800609;-9,108344;8;700
791;207;2012;3;A2;38,696427;-9,17864;7;350
792;208;2012;3;A5;38,716285;-9,225456;11;600
793;209;2012;2;EN1;38,969461;-8,982412;13;1200
794;210;2012;4;IC2;39,772403;-8,766578;7;300
